<list>
  <ProcessDefinition>
    <processDefinitionPK>
      <companyId>1</companyId>
      <processId>fluxoAlteracaoAutomaticaTitulo</processId>
    </processDefinitionPK>
    <processDescription>Fluxo Postergação de Titulos Automatica</processDescription>
    <instruction></instruction>
    <active>true</active>
    <publicProcess>false</publicProcess>
    <volumeId>Default</volumeId>
    <categoryId>Fluxo Postergação de Titulo</categoryId>
    <managerEngineAllocationId></managerEngineAllocationId>
    <snapshotFrequency>0</snapshotFrequency>
    <baseDay>0</baseDay>
    <baseMonth>0</baseMonth>
    <periodId>Default</periodId>
    <uniqueCardVersion>false</uniqueCardVersion>
    <keyWord></keyWord>
    <complementsLevel>1</complementsLevel>
    <notifyRequisitionerComplements>true</notifyRequisitionerComplements>
    <notifyManagerComplements>false</notifyManagerComplements>
    <deadlineTime>0</deadlineTime>
    <warningDeadlineTime>0</warningDeadlineTime>
    <notifyAuthorityComplements>true</notifyAuthorityComplements>
  </ProcessDefinition>
  <ProcessDefinitionVersion>
    <processDefinitionVersionPK>
      <companyId>1</companyId>
      <processId>Fluxo Postergação de Titulos Automatica</processId>
      <version>3</version>
    </processDefinitionVersionPK>
    <versionDescription></versionDescription>
    <formId>0</formId>
    <editionMode>true</editionMode>
    <updateAttachmentsVersion>false</updateAttachmentsVersion>
    <controlsAttachmentsSecurity>false</controlsAttachmentsSecurity>
    <active>true</active>
    <blockedVersion>false</blockedVersion>
    <counterSign>false</counterSign>
    <openInstances>0</openInstances>
    <bpmnVersion>2</bpmnVersion>
    <processStates/>
    <favorito>false</favorito>
    <inheritFormSecurity>false</inheritFormSecurity>
    <mobileReady>false</mobileReady>
  </ProcessDefinitionVersion>
  <list>
    <ProcessState>
      <processStatePK>
        <companyId>1</companyId>
        <processId>fluxoAlteracaoAutomaticaTitulo</processId>
        <version>1</version>
        <sequence>4</sequence>
      </processStatePK>
      <stateName>Início</stateName>
      <stateDescription>Início</stateDescription>
      <instruction></instruction>
      <deadlineTime>0</deadlineTime>
      <joint>false</joint>
      <agreementPercentage>0</agreementPercentage>
      <engineAllocationId></engineAllocationId>
      <engineAllocationConfiguration></engineAllocationConfiguration>
      <selectColleague>1</selectColleague>
      <initialState>true</initialState>
      <notifyAuthorityDelay>true</notifyAuthorityDelay>
      <notifyRequisitionerDelay>false</notifyRequisitionerDelay>
      <allowanceAuthorityTime>3600</allowanceAuthorityTime>
      <frequenceAuthorityTime>3600</frequenceAuthorityTime>
      <allowanceRequisitionerTime>0</allowanceRequisitionerTime>
      <frequenceRequisitionerTime>0</frequenceRequisitionerTime>
      <transferAttachments>false</transferAttachments>
      <subProcessId></subProcessId>
      <formFolder>0</formFolder>
      <notifyAuthorityFollowUp>false</notifyAuthorityFollowUp>
      <notifyRequisitionerFollowUp>false</notifyRequisitionerFollowUp>
      <automatic>false</automatic>
      <positionX>110</positionX>
      <positionY>60</positionY>
      <forecastedEffortType>0</forecastedEffortType>
      <forecastedEffort>0</forecastedEffort>
      <notifyManagerFollowUp>false</notifyManagerFollowUp>
      <notifyManagerDelay>false</notifyManagerDelay>
      <allowanceManagerTime>0</allowanceManagerTime>
      <frequenceManagerTime>0</frequenceManagerTime>
      <inhibitTransfer>false</inhibitTransfer>
      <periodId></periodId>
      <stateType>0</stateType>
      <bpmnType>10</bpmnType>
      <signalId>0</signalId>
      <counterSign>false</counterSign>
      <openInstances>0</openInstances>
      <noticeExpirationAuthorityTime>0</noticeExpirationAuthorityTime>
      <noticeExpirationRequisitionerTime>0</noticeExpirationRequisitionerTime>
      <noticeExpirationManagerTime>0</noticeExpirationManagerTime>
      <destinationStates/>
      <digitalSignature>false</digitalSignature>
    </ProcessState>
    <ProcessState>
      <processStatePK>
        <companyId>1</companyId>
        <processId>fluxoAlteracaoAutomaticaTitulo</processId>
        <version>1</version>
        <sequence>5</sequence>
      </processStatePK>
      <stateName>Altera Titulo</stateName>
      <stateDescription>Altera Titulo</stateDescription>
      <instruction></instruction>
      <deadlineTime>0</deadlineTime>
      <deadlineFieldName></deadlineFieldName>
      <joint>false</joint>
      <agreementPercentage>0</agreementPercentage>
      <engineAllocationId></engineAllocationId>
      <selectColleague>1</selectColleague>
      <initialState>false</initialState>
      <notifyAuthorityDelay>true</notifyAuthorityDelay>
      <notifyRequisitionerDelay>false</notifyRequisitionerDelay>
      <allowanceAuthorityTime>3600</allowanceAuthorityTime>
      <frequenceAuthorityTime>3600</frequenceAuthorityTime>
      <allowanceRequisitionerTime>0</allowanceRequisitionerTime>
      <frequenceRequisitionerTime>0</frequenceRequisitionerTime>
      <transferAttachments>false</transferAttachments>
      <subProcessId></subProcessId>
      <formFolder>0</formFolder>
      <notifyAuthorityFollowUp>true</notifyAuthorityFollowUp>
      <notifyRequisitionerFollowUp>false</notifyRequisitionerFollowUp>
      <automatic>false</automatic>
      <positionX>400</positionX>
      <positionY>40</positionY>
      <forecastedEffortType>0</forecastedEffortType>
      <forecastedEffort>0</forecastedEffort>
      <notifyManagerFollowUp>false</notifyManagerFollowUp>
      <notifyManagerDelay>false</notifyManagerDelay>
      <allowanceManagerTime>0</allowanceManagerTime>
      <frequenceManagerTime>0</frequenceManagerTime>
      <inhibitTransfer>false</inhibitTransfer>
      <periodId></periodId>
      <stateType>0</stateType>
      <bpmnType>80</bpmnType>
      <signalId>0</signalId>
      <counterSign>false</counterSign>
      <openInstances>0</openInstances>
      <noticeExpirationAuthorityTime>0</noticeExpirationAuthorityTime>
      <noticeExpirationRequisitionerTime>0</noticeExpirationRequisitionerTime>
      <noticeExpirationManagerTime>0</noticeExpirationManagerTime>
      <destinationStates/>
      <digitalSignature>false</digitalSignature>
      <executionType>0</executionType>
    </ProcessState>
    <ProcessState>
      <processStatePK>
        <companyId>1</companyId>
        <processId>fluxoAlteracaoAutomaticaTitulo</processId>
        <version>1</version>
        <sequence>7</sequence>
      </processStatePK>
      <stateName>Fim</stateName>
      <stateDescription>Fim</stateDescription>
      <instruction>Atividade final do processo</instruction>
      <deadlineTime>0</deadlineTime>
      <joint>false</joint>
      <agreementPercentage>0</agreementPercentage>
      <engineAllocationId></engineAllocationId>
      <engineAllocationConfiguration></engineAllocationConfiguration>
      <selectColleague>0</selectColleague>
      <initialState>false</initialState>
      <notifyAuthorityDelay>true</notifyAuthorityDelay>
      <notifyRequisitionerDelay>false</notifyRequisitionerDelay>
      <allowanceAuthorityTime>0</allowanceAuthorityTime>
      <frequenceAuthorityTime>1</frequenceAuthorityTime>
      <allowanceRequisitionerTime>0</allowanceRequisitionerTime>
      <frequenceRequisitionerTime>0</frequenceRequisitionerTime>
      <transferAttachments>false</transferAttachments>
      <subProcessId></subProcessId>
      <formFolder>0</formFolder>
      <notifyAuthorityFollowUp>false</notifyAuthorityFollowUp>
      <notifyRequisitionerFollowUp>true</notifyRequisitionerFollowUp>
      <automatic>false</automatic>
      <positionX>720</positionX>
      <positionY>241</positionY>
      <forecastedEffortType>0</forecastedEffortType>
      <forecastedEffort>0</forecastedEffort>
      <notifyManagerFollowUp>false</notifyManagerFollowUp>
      <notifyManagerDelay>false</notifyManagerDelay>
      <allowanceManagerTime>0</allowanceManagerTime>
      <frequenceManagerTime>0</frequenceManagerTime>
      <inhibitTransfer>false</inhibitTransfer>
      <periodId></periodId>
      <stateType>6</stateType>
      <bpmnType>60</bpmnType>
      <signalId>0</signalId>
      <counterSign>false</counterSign>
      <openInstances>0</openInstances>
      <destinationStates/>
      <digitalSignature>false</digitalSignature>
    </ProcessState>
  </list>
  <list/>
  <list>
    <ProcessLink>
      <processLinkPK>
        <companyId>1</companyId>
        <processId>fluxoAlteracaoAutomaticaTitulo</processId>
        <version>1</version>
        <linkSequence>6</linkSequence>
      </processLinkPK>
      <actionLabel></actionLabel>
      <returnPermited>false</returnPermited>
      <initialStateSequence>4</initialStateSequence>
      <finalStateSequence>5</finalStateSequence>
      <returnLabel></returnLabel>
      <name></name>
      <automaticLink>false</automaticLink>
      <defaultLink>false</defaultLink>
      <type>0</type>
    </ProcessLink>
    <ProcessLink>
      <processLinkPK>
        <companyId>1</companyId>
        <processId>fluxoAlteracaoAutomaticaTitulo</processId>
        <version>1</version>
        <linkSequence>8</linkSequence>
      </processLinkPK>
      <actionLabel></actionLabel>
      <returnPermited>false</returnPermited>
      <initialStateSequence>5</initialStateSequence>
      <finalStateSequence>7</finalStateSequence>
      <returnLabel></returnLabel>
      <name></name>
      <automaticLink>false</automaticLink>
      <defaultLink>false</defaultLink>
      <type>0</type>
    </ProcessLink>
  </list>
  <list/>
  <list>
    <WorkflowProcessEvent>
      <workflowProcessEventPK>
        <companyId>1</companyId>
        <eventId>beforeTaskSave</eventId>
        <processId>fluxoAlteracaoAutomaticaTitulo</processId>
        <version>1</version>
      </workflowProcessEventPK>
      <eventDescription>function beforeTaskSave(colleagueId, nextSequenceId, userList) {&#xd;
&#xd;
    var atv      = getValue(&quot;WKNumState&quot;);&#xd;
    var nextAtv  = getValue(&quot;WKNextState&quot;);&#xd;
&#xd;
    if (atv == 5) {&#xd;
&#xd;
        var anexos   = hAPI.listAttachments();&#xd;
        var temAnexo = false;&#xd;
&#xd;
        if (anexos.size() &gt; 0) {&#xd;
            temAnexo = true;&#xd;
        }&#xd;
&#xd;
        if (!temAnexo) {&#xd;
            throw &quot;É preciso anexar o documento para continuar o processo!&quot;;&#xd;
        }&#xd;
&#xd;
    }&#xd;
}</eventDescription>
    </WorkflowProcessEvent>
    <WorkflowProcessEvent>
      <workflowProcessEventPK>
        <companyId>1</companyId>
        <eventId>afterTaskSave</eventId>
        <processId>fluxoAlteracaoAutomaticaTitulo</processId>
        <version>1</version>
      </workflowProcessEventPK>
      <eventDescription>function afterTaskSave(colleagueId,nextSequenceId,userList){&#xd;
	var atv      = getValue(&quot;WKNumState&quot;);&#xd;
	var nextAtv  = getValue(&quot;WKNextState&quot;);&#xd;
	var obj = {}&#xd;
	var auxTratDate = [];&#xd;
	var dia, mes, ano, cDataEmiss&#xd;
	var lVez = false;&#xd;
	var lOk  = false;&#xd;
		&#xd;
		 auxTratDate = hAPI.getCardValue(&quot;venctoaltera&quot;).split(&apos;/&apos;);&#xd;
	   	 ano  = auxTratDate[2];&#xd;
	   	 mes  = auxTratDate[1];&#xd;
	   	 dia  = auxTratDate[0];&#xd;
	   	&#xd;
	   	 cDataEmiss = ano+mes+dia//(&quot;00&quot; + dia).slice(-2)+&apos;/&apos;+(&quot;00&quot; + mes).slice(-2)+&apos;/&apos;+(&quot;0000&quot; + ano).slice(-4);&#xd;
		&#xd;
	   	 var Docs = hAPI.getCardValue(&apos;empresa&apos;) == &quot;&quot; ? hAPI.getCardValue(&apos;cliente&apos;) : hAPI.getCardValue(&apos;titulo&apos;);&#xd;
	   	&#xd;
		obj = {&#xd;
			cEmp  : hAPI.getCardValue(&apos;empresa&apos;),&#xd;
			cFil  : hAPI.getCardValue(&apos;filial&apos;),&#xd;
			cPref : hAPI.getCardValue(&apos;prefixo&apos;),&#xd;
			cNum  : hAPI.getCardValue(&apos;titulo&apos;),&#xd;
			cParc : hAPI.getCardValue(&apos;parcela&apos;),&#xd;
			cTipo : hAPI.getCardValue(&quot;tipo&quot;),&#xd;
			dData : hAPI.getCardValue(&quot;venctoaltera&quot;),&#xd;
			nValor: hAPI.getCardValue(&quot;valorConvertido&quot;),&#xd;
			cTable: &quot;SE1&quot;,&#xd;
			cProcesso : getValue(&quot;WKNumProces&quot;).toString(),&#xd;
			atividade : getValue(&quot;WKNumState&quot;).toString()&#xd;
		}&#xd;
		&#xd;
		if(atv == 5 &amp;&amp; hAPI.getCardValue(&quot;aprova&quot;) == &quot;S&quot; ){&#xd;
			&#xd;
			try{&#xd;
	            var clientService = fluigAPI.getAuthorizeClientService();&#xd;
	            var data = {&#xd;
	                companyId : getValue(&quot;WKCompany&quot;) + &apos;&apos;,&#xd;
	                serviceCode : &apos;ALTERA_VENCIMENTO_TITULO&apos;,&#xd;
	                endpoint : &apos;http://10.30.4.139:8083/rest/TITULOS_FINANCEIRO&apos;,&#xd;
	                method : &apos;post&apos;,// &apos;delete&apos;, &apos;patch&apos;, &apos;put&apos;, &apos;get&apos;     &#xd;
	                timeoutService: &apos;100&apos;, // segundos&#xd;
	                params : obj,&#xd;
	             headers: {&#xd;
	            	 TenantID:hAPI.getCardValue(&apos;empresa&apos;)+&quot;,01&quot;&#xd;
	             }&#xd;
	            }&#xd;
	            &#xd;
	            console.log(JSONUtil.toJSON(data))&#xd;
	            &#xd;
	            var vo = clientService.invoke(JSONUtil.toJSON(data));&#xd;
	            var retorno  = JSON.parse(vo.getResult());&#xd;
	            &#xd;
	            console.log(&quot;RETORNO =&gt; &quot;+vo.getResult())&#xd;
	            &#xd;
	            if(vo.getResult()== null || vo.getResult().isEmpty()){&#xd;
	            	console.log(&quot;ERROR =&gt; &quot;+err)&#xd;
	            	throw err&#xd;
	            }else{	 	                	                	                &#xd;
	                if(typeof(retorno.OK) != &quot;undefined&quot;){&#xd;
	                	lVez = true;&#xd;
	                	console.log(&quot;OK =&gt; &quot;+retorno.OK);&#xd;
	                }else{&#xd;
	                	console.log(&quot;PARSE =&gt; &quot;+retorno.errorMessage)&#xd;
	                	throw retorno.errorMessage&#xd;
	                }&#xd;
	                console.log(&quot;lVez =&gt; &quot;+lVez)&#xd;
	            }&#xd;
	        }catch(err){&#xd;
	        	console.log(&quot;CATCH =&gt; &quot;+err)&#xd;
	        	//throw &quot;catch &quot;+err&#xd;
	        }&#xd;
	      //Envio de email&#xd;
            if(atv == 5 ){&#xd;
        		&#xd;
        		if(hAPI.getCardValue(&apos;aprova&apos;) == &apos;S&apos; &amp;&amp; lVez){&#xd;
        			lOk = true;&#xd;
        		}&#xd;
        		//Gravou&#xd;
        		if(lOk){&#xd;
        			&#xd;
        			var oTitulo = {&#xd;
        						  cEmp:  hAPI.getCardValue(&apos;empresa&apos;),&#xd;
        						  cFil:  hAPI.getCardValue(&apos;filial&apos;),&#xd;
        		        		  cPref: hAPI.getCardValue(&apos;prefixo&apos;),&#xd;
        		      			  cNum:  hAPI.getCardValue(&apos;titulo&apos;),&#xd;
        		      			  cParc: hAPI.getCardValue(&apos;parcela&apos;),&#xd;
        		      			  cTipo: hAPI.getCardValue(&apos;tipo&apos;),&#xd;
        		      			  dData: hAPI.getCardValue(&apos;venctoaltera&apos;),&#xd;
        		      			  nValor:hAPI.getCardValue(&apos;valorConvertido&apos;),&#xd;
        		      			  cTable: &quot;SE1&quot;,&#xd;
        	      			  };&#xd;
        			&#xd;
        			var JSONStr = JSONUtil.toJSON(oTitulo); &#xd;
        			console.log(JSONStr)&#xd;
        			&#xd;
        			var aEmail = [&quot;diogo.silva@qsdobrasil.com&quot;,&quot;diogo.silva@galderma.com&quot;,&quot;raphaela.marques@galderma.com&quot;]&#xd;
        			&#xd;
        			 log.info(&apos;funcao email&apos;);&#xd;
        			&#xd;
        			for(i = 0; i &lt; aEmail.length; i++){&#xd;
        				&#xd;
        				    var obj = new com.fluig.foundation.mail.service.EMailServiceBean();&#xd;
        				    var subject = &quot;[ WorkFlow ] - Titulo com Vencimento alterado&quot;;&#xd;
        				    var emailSolic = aEmail[i]//&quot;raphaela.marques@galderma.com&quot;&#xd;
        				    var mailFluig  = &quot;workflow@galderma.com&quot;&#xd;
        				    	&#xd;
        				    mensagem = &quot;&lt;!DOCTYPE html&gt;&quot;&#xd;
        				    mensagem +=&quot;&lt;html&gt;&quot;&#xd;
        				    mensagem +=&quot;&lt;head&gt;&quot;&#xd;
        				    mensagem +=&quot;&lt;style&gt;&quot;&#xd;
        				    mensagem +=&quot;table, td, th {&quot;    &#xd;
        				    mensagem +=&quot;border: 1px solid #ddd;&quot;&#xd;
        				    mensagem +=&quot;text-align: left;&quot;&#xd;
        				    mensagem +=&quot;}&quot;&#xd;
        				   	mensagem +=&quot;table {&quot;&#xd;
        				    mensagem +=&quot;border-collapse: collapse;&quot;&#xd;
        				    mensagem +=&quot;width: 100%;&quot;&#xd;
        				    mensagem +=&quot;}&quot;&#xd;
        				    mensagem +=&quot;th, td {&quot;&#xd;
        				    mensagem +=&quot;padding: 15px;&quot;&#xd;
        				    mensagem +=&quot;}&quot;&#xd;
        				    mensagem +=&quot;&lt;/style&gt;&quot;&#xd;
        				    mensagem += &quot;&lt;/head&gt;&quot;&#xd;
        				    mensagem +=&quot;&lt;body&gt;&quot;&#xd;
        				    mensagem +=&quot;&lt;h2&gt;Alteração de título&lt;/h2&gt;&quot;&#xd;
        				    mensagem +=&quot;&lt;p&gt;O título abaixo foi alterado pelo processo do Fluig.&lt;/p&gt;&quot;&#xd;
        				    mensagem +=&quot;&lt;table&gt;&quot;&#xd;
        				    mensagem +=&quot;&lt;tr&gt;&quot;&#xd;
        				    mensagem +=&quot;&lt;th&gt;Empresa&lt;/th&gt;&quot;&#xd;
        				    mensagem +=&quot;&lt;th&gt;Titulo&lt;/th&gt;&quot;&#xd;
        				    mensagem +=&quot;&lt;th&gt;Cliente&lt;/th&gt;&quot;&#xd;
        				    mensagem +=&quot;&lt;th&gt;Vencimento Atual&lt;/th&gt;&quot;&#xd;
        				    mensagem +=&quot;&lt;th&gt;Vencimento Anterior&lt;/th&gt;&quot;&#xd;
        				    mensagem +=&quot;&lt;th&gt;Valor&lt;/th&gt;&quot;&#xd;
        				    mensagem +=&quot;&lt;/tr&gt;&quot;&#xd;
        				    mensagem +=&quot;&lt;tr&gt;&quot;&#xd;
        				    	if(hAPI.getCardValue(&apos;empresa&apos;) == &apos;01&apos;){&#xd;
        				    		cEmpresa = &quot;Galderma&quot;&#xd;
        				    	}else{&#xd;
        				    		cEmpresa = &quot;Galderma Distribuidora&quot;&#xd;
        				    	}&#xd;
        				    mensagem +=&quot;&lt;td&gt;&quot;+cEmpresa+&quot;&lt;/td&gt;&quot;&#xd;
        				    mensagem +=&quot;&lt;td&gt;&quot;+hAPI.getCardValue(&apos;titulo&apos;)+&quot;&lt;/td&gt;&quot;&#xd;
        				    mensagem +=&quot;&lt;td&gt;&quot;+hAPI.getCardValue(&apos;nome&apos;)+&quot;&lt;/td&gt;&quot;&#xd;
        				    mensagem +=&quot;&lt;td&gt;&quot;+hAPI.getCardValue(&apos;venctoaltera&apos;)+&quot;&lt;/td&gt;&quot;&#xd;
        				    mensagem +=&quot;&lt;td&gt;&quot;+hAPI.getCardValue(&apos;venctoreal&apos;)+&quot;&lt;/td&gt;&quot;&#xd;
        				    mensagem +=&quot;&lt;td&gt;&quot;+&quot;R$ &quot;+hAPI.getCardValue(&apos;valorConvertido&apos;)+&quot;&lt;/td&gt;&quot;&#xd;
        				    mensagem +=&quot;&lt;/tr&gt;&quot;&#xd;
        				    mensagem +=&quot;&lt;/table&gt;&quot;&#xd;
        				    mensagem +=&quot;&lt;/body&gt;&quot;&#xd;
        				    mensagem +=&quot;&lt;/html&gt;&quot;&#xd;
&#xd;
&#xd;
        				    obj.simpleEmail(1,subject, mailFluig, emailSolic, mensagem, &quot;text/html&quot;);&#xd;
        			}&#xd;
        			   &#xd;
        		}else{&#xd;
        			//Não gravou&#xd;
        			var oTitulo = {&#xd;
  						  cEmp:  hAPI.getCardValue(&apos;empresa&apos;),&#xd;
  						  cFil:  hAPI.getCardValue(&apos;filial&apos;),&#xd;
  		        		  cPref: hAPI.getCardValue(&apos;prefixo&apos;),&#xd;
  		      			  cNum:  hAPI.getCardValue(&apos;titulo&apos;),&#xd;
  		      			  cParc: hAPI.getCardValue(&apos;parcela&apos;),&#xd;
  		      			  cTipo: hAPI.getCardValue(&apos;tipo&apos;),&#xd;
  		      			  dData: hAPI.getCardValue(&apos;venctoaltera&apos;),&#xd;
  		      			  nValor:hAPI.getCardValue(&apos;valorConvertido&apos;),&#xd;
  		      			  cTable: &quot;SE1&quot;,&#xd;
  	      			  };&#xd;
  			&#xd;
  			var JSONStr = JSONUtil.toJSON(oTitulo); &#xd;
  			console.log(JSONStr)&#xd;
  			&#xd;
  			var aEmail = [&quot;diogo.silva@qsdobrasil.com&quot;,&quot;diogo.silva@galderma.com&quot;]&#xd;
  			&#xd;
  			 log.info(&apos;funcao email&apos;);&#xd;
  			&#xd;
  			for(i = 0; i &lt; aEmail.length; i++){&#xd;
  				&#xd;
  				    var obj = new com.fluig.foundation.mail.service.EMailServiceBean();&#xd;
  				    var subject = &quot;[ WorkFlow ] - Titulo não alterado&quot;;&#xd;
  				    var emailSolic = aEmail[i]//&quot;raphaela.marques@galderma.com&quot;&#xd;
  				    var mailFluig  = &quot;workflow@galderma.com&quot;&#xd;
  				    	&#xd;
  				    mensagem = &quot;&lt;!DOCTYPE html&gt;&quot;&#xd;
  				    mensagem +=&quot;&lt;html&gt;&quot;&#xd;
  				    mensagem +=&quot;&lt;head&gt;&quot;&#xd;
  				    mensagem +=&quot;&lt;style&gt;&quot;&#xd;
  				    mensagem +=&quot;table, td, th {&quot;    &#xd;
  				    mensagem +=&quot;border: 1px solid #ddd;&quot;&#xd;
  				    mensagem +=&quot;text-align: left;&quot;&#xd;
  				    mensagem +=&quot;}&quot;&#xd;
  				   	mensagem +=&quot;table {&quot;&#xd;
  				    mensagem +=&quot;border-collapse: collapse;&quot;&#xd;
  				    mensagem +=&quot;width: 100%;&quot;&#xd;
  				    mensagem +=&quot;}&quot;&#xd;
  				    mensagem +=&quot;th, td {&quot;&#xd;
  				    mensagem +=&quot;padding: 15px;&quot;&#xd;
  				    mensagem +=&quot;}&quot;&#xd;
  				    mensagem +=&quot;&lt;/style&gt;&quot;&#xd;
  				    mensagem += &quot;&lt;/head&gt;&quot;&#xd;
  				    mensagem +=&quot;&lt;body&gt;&quot;&#xd;
  				    mensagem +=&quot;&lt;h2&gt;Alteração de título&lt;/h2&gt;&quot;&#xd;
  				    mensagem +=&quot;&lt;p&gt;&lt;font color=&apos;#FF0000&apos;&gt;Houve um erro na alteração do título.&lt;/font&gt;&lt;/p&gt;&quot;&#xd;
  				    mensagem +=&quot;&lt;p&gt;&lt;font color=&apos;#FF0000&apos;&gt;&quot;+retorno.errorMessage+&quot;&lt;/font&gt;&lt;/p&gt;&quot;	&#xd;
  				    mensagem +=&quot;&lt;table&gt;&quot;&#xd;
  				    mensagem +=&quot;&lt;tr&gt;&quot;&#xd;
  				    mensagem +=&quot;&lt;th&gt;Empresa&lt;/th&gt;&quot;&#xd;
  				    mensagem +=&quot;&lt;th&gt;Titulo&lt;/th&gt;&quot;&#xd;
  				    mensagem +=&quot;&lt;th&gt;Cliente&lt;/th&gt;&quot;&#xd;
  				    mensagem +=&quot;&lt;th&gt;Vencimento Atual&lt;/th&gt;&quot;&#xd;
  				    mensagem +=&quot;&lt;th&gt;Vencimento Anterior&lt;/th&gt;&quot;&#xd;
  				    mensagem +=&quot;&lt;th&gt;Valor&lt;/th&gt;&quot;&#xd;
  				    mensagem +=&quot;&lt;/tr&gt;&quot;&#xd;
  				    mensagem +=&quot;&lt;tr&gt;&quot;&#xd;
  				    	if(hAPI.getCardValue(&apos;empresa&apos;) == &apos;01&apos;){&#xd;
  				    		cEmpresa = &quot;Galderma&quot;&#xd;
  				    	}else{&#xd;
  				    		cEmpresa = &quot;Galderma Distribuidora&quot;&#xd;
  				    	}&#xd;
  				    mensagem +=&quot;&lt;td&gt;&quot;+cEmpresa+&quot;&lt;/td&gt;&quot;&#xd;
  				    mensagem +=&quot;&lt;td&gt;&quot;+hAPI.getCardValue(&apos;titulo&apos;)+&quot;&lt;/td&gt;&quot;&#xd;
  				    mensagem +=&quot;&lt;td&gt;&quot;+hAPI.getCardValue(&apos;nome&apos;)+&quot;&lt;/td&gt;&quot;&#xd;
  				    mensagem +=&quot;&lt;td&gt;&quot;+hAPI.getCardValue(&apos;venctoaltera&apos;)+&quot;&lt;/td&gt;&quot;&#xd;
  				    mensagem +=&quot;&lt;td&gt;&quot;+hAPI.getCardValue(&apos;venctoreal&apos;)+&quot;&lt;/td&gt;&quot;&#xd;
  				    mensagem +=&quot;&lt;td&gt;&quot;+&quot;R$ &quot;+hAPI.getCardValue(&apos;valorConvertido&apos;)+&quot;&lt;/td&gt;&quot;&#xd;
  				    mensagem +=&quot;&lt;/tr&gt;&quot;&#xd;
  				    mensagem +=&quot;&lt;/table&gt;&quot;&#xd;
  				    mensagem +=&quot;&lt;/body&gt;&quot;&#xd;
  				    mensagem +=&quot;&lt;/html&gt;&quot;&#xd;
&#xd;
&#xd;
  				    obj.simpleEmail(1,subject, mailFluig, emailSolic, mensagem, &quot;text/html&quot;);&#xd;
  			}&#xd;
        			//Fim&#xd;
        		}&#xd;
        		&#xd;
        	}&#xd;
            //Fim envio de email &#xd;
		}&#xd;
}</eventDescription>
    </WorkflowProcessEvent>
  </list>
  <list/>
  <list>
    <SwimLane>
      <color>FFFFFF</color>
      <height>290</height>
      <width>831</width>
      <positionX>10</positionX>
      <positionY>10</positionY>
      <stateName>Pool</stateName>
      <type>1</type>
      <parentSequence>0</parentSequence>
      <swimLanePK>
        <companyId>1</companyId>
        <processId>fluxoAlteracaoAutomaticaTitulo</processId>
        <version>1</version>
        <sequence>1</sequence>
      </swimLanePK>
    </SwimLane>
    <SwimLane>
      <color>9F9F9F</color>
      <height>145</height>
      <width>801</width>
      <positionX>40</positionX>
      <positionY>10</positionY>
      <stateName>Reporter</stateName>
      <type>2</type>
      <parentSequence>1</parentSequence>
      <swimLanePK>
        <companyId>1</companyId>
        <processId>fluxoAlteracaoAutomaticaTitulo</processId>
        <version>1</version>
        <sequence>2</sequence>
      </swimLanePK>
    </SwimLane>
    <SwimLane>
      <color>C0C0C0</color>
      <height>145</height>
      <width>801</width>
      <positionX>40</positionX>
      <positionY>155</positionY>
      <stateName>Assignee</stateName>
      <type>2</type>
      <parentSequence>1</parentSequence>
      <swimLanePK>
        <companyId>1</companyId>
        <processId>fluxoAlteracaoAutomaticaTitulo</processId>
        <version>1</version>
        <sequence>3</sequence>
      </swimLanePK>
    </SwimLane>
  </list>
  <list/>
  <list/>
  <list>
    <ProcessLinkBend>
      <processLinkBendPK>
        <companyId>1</companyId>
        <processId>fluxoAlteracaoAutomaticaTitulo</processId>
        <version>3</version>
        <linkSequence>8</linkSequence>
        <bendSequence>1</bendSequence>
      </processLinkBendPK>
      <positionX>452</positionX>
      <positionY>258</positionY>
    </ProcessLinkBend>
  </list>
  <list/>
  <list/>
  <list/>
  <list/>
  <list/>
  <list>
    <ProcessAppConfiguration>
      <id>0</id>
      <tenantId>0</tenantId>
      <processId>fluxoAlteracaoAutomaticaTitulo</processId>
      <processVersion>3</processVersion>
      <stateSequence>5</stateSequence>
      <appKey>approval</appKey>
      <appField>title</appField>
      <description></description>
    </ProcessAppConfiguration>
    <ProcessAppConfiguration>
      <id>0</id>
      <tenantId>0</tenantId>
      <processId>fluxoAlteracaoAutomaticaTitulo</processId>
      <processVersion>3</processVersion>
      <stateSequence>5</stateSequence>
      <appKey>approval</appKey>
      <appField>description</appField>
      <description></description>
    </ProcessAppConfiguration>
    <ProcessAppConfiguration>
      <id>0</id>
      <tenantId>0</tenantId>
      <processId>fluxoAlteracaoAutomaticaTitulo</processId>
      <processVersion>3</processVersion>
      <stateSequence>5</stateSequence>
      <appKey>approval</appKey>
      <appField>highlight</appField>
      <description></description>
    </ProcessAppConfiguration>
    <ProcessAppConfiguration>
      <id>0</id>
      <tenantId>0</tenantId>
      <processId>fluxoAlteracaoAutomaticaTitulo</processId>
      <processVersion>3</processVersion>
      <stateSequence>5</stateSequence>
      <appKey>approval</appKey>
      <appField>approve</appField>
      <description></description>
    </ProcessAppConfiguration>
    <ProcessAppConfiguration>
      <id>0</id>
      <tenantId>0</tenantId>
      <processId>fluxoAlteracaoAutomaticaTitulo</processId>
      <processVersion>3</processVersion>
      <stateSequence>5</stateSequence>
      <appKey>approval</appKey>
      <appField>reject</appField>
      <description></description>
    </ProcessAppConfiguration>
  </list>
  <list/>
  <list/>
</list>