<list>
  <ProcessDefinition>
    <processDefinitionPK>
      <companyId>1</companyId>
      <processId>tigmud</processId>
    </processDefinitionPK>
    <processDescription>Fluxo de Mudança</processDescription>
    <instruction>Processo de gestão de mudança.  </instruction>
    <active>true</active>
    <publicProcess>true</publicProcess>
    <volumeId>Default</volumeId>
    <categoryId>Processos.Mudanças</categoryId>
    <managerEngineAllocationId>Papel</managerEngineAllocationId>
    <managerEngineAllocationConfiguration>&lt;AssignmentController&gt;&lt;Role&gt;Gestor_gmud&lt;/Role&gt;&lt;/AssignmentController&gt;</managerEngineAllocationConfiguration>
    <snapshotFrequency>0</snapshotFrequency>
    <baseDay>0</baseDay>
    <baseMonth>0</baseMonth>
    <periodId>Default</periodId>
    <uniqueCardVersion>false</uniqueCardVersion>
    <keyWord></keyWord>
    <complementsLevel>1</complementsLevel>
    <notifyRequisitionerComplements>true</notifyRequisitionerComplements>
    <notifyManagerComplements>false</notifyManagerComplements>
    <deadlineTime>0</deadlineTime>
    <warningDeadlineTime>0</warningDeadlineTime>
    <notifyAuthorityComplements>true</notifyAuthorityComplements>
  </ProcessDefinition>
  <ProcessDefinitionVersion>
    <processDefinitionVersionPK>
      <companyId>1</companyId>
      <processId>Fluxo de Mudança</processId>
      <version>15</version>
    </processDefinitionVersionPK>
    <versionDescription></versionDescription>
    <formId>0</formId>
    <editionMode>true</editionMode>
    <updateAttachmentsVersion>false</updateAttachmentsVersion>
    <controlsAttachmentsSecurity>false</controlsAttachmentsSecurity>
    <active>true</active>
    <blockedVersion>false</blockedVersion>
    <counterSign>false</counterSign>
    <openInstances>0</openInstances>
    <bpmnVersion>2</bpmnVersion>
    <processStates/>
    <favorito>false</favorito>
    <inheritFormSecurity>false</inheritFormSecurity>
    <mobileReady>false</mobileReady>
  </ProcessDefinitionVersion>
  <list>
    <ProcessState>
      <processStatePK>
        <companyId>1</companyId>
        <processId>tigmud</processId>
        <version>1</version>
        <sequence>4</sequence>
      </processStatePK>
      <stateName>Início</stateName>
      <stateDescription>Início</stateDescription>
      <instruction>Apenas um membro da equipe de TI pode iniciar esta solicitação.&#xd;
Na abertura da solicitação o usuário deve fazer a avaliação de impacto da mudança.</instruction>
      <deadlineTime>0</deadlineTime>
      <joint>false</joint>
      <agreementPercentage>0</agreementPercentage>
      <engineAllocationId>Papel</engineAllocationId>
      <engineAllocationConfiguration>&lt;AssignmentController&gt;&lt;Role&gt;sol_gmud&lt;/Role&gt;&lt;/AssignmentController&gt;</engineAllocationConfiguration>
      <selectColleague>1</selectColleague>
      <initialState>true</initialState>
      <notifyAuthorityDelay>true</notifyAuthorityDelay>
      <notifyRequisitionerDelay>false</notifyRequisitionerDelay>
      <allowanceAuthorityTime>3600</allowanceAuthorityTime>
      <frequenceAuthorityTime>3600</frequenceAuthorityTime>
      <allowanceRequisitionerTime>0</allowanceRequisitionerTime>
      <frequenceRequisitionerTime>0</frequenceRequisitionerTime>
      <transferAttachments>false</transferAttachments>
      <subProcessId></subProcessId>
      <formFolder>0</formFolder>
      <notifyAuthorityFollowUp>false</notifyAuthorityFollowUp>
      <notifyRequisitionerFollowUp>false</notifyRequisitionerFollowUp>
      <automatic>false</automatic>
      <positionX>210</positionX>
      <positionY>640</positionY>
      <forecastedEffortType>0</forecastedEffortType>
      <forecastedEffort>0</forecastedEffort>
      <notifyManagerFollowUp>false</notifyManagerFollowUp>
      <notifyManagerDelay>false</notifyManagerDelay>
      <allowanceManagerTime>0</allowanceManagerTime>
      <frequenceManagerTime>0</frequenceManagerTime>
      <inhibitTransfer>false</inhibitTransfer>
      <periodId></periodId>
      <stateType>0</stateType>
      <bpmnType>10</bpmnType>
      <signalId>0</signalId>
      <counterSign>false</counterSign>
      <openInstances>0</openInstances>
      <noticeExpirationAuthorityTime>0</noticeExpirationAuthorityTime>
      <noticeExpirationRequisitionerTime>0</noticeExpirationRequisitionerTime>
      <noticeExpirationManagerTime>0</noticeExpirationManagerTime>
      <destinationStates/>
      <digitalSignature>false</digitalSignature>
    </ProcessState>
    <ProcessState>
      <processStatePK>
        <companyId>1</companyId>
        <processId>tigmud</processId>
        <version>1</version>
        <sequence>25</sequence>
      </processStatePK>
      <stateName>Aprovação de Go Live</stateName>
      <stateDescription>Aprovação de Go Live</stateDescription>
      <instruction></instruction>
      <deadlineTime>3600</deadlineTime>
      <deadlineFieldName></deadlineFieldName>
      <joint>false</joint>
      <agreementPercentage>0</agreementPercentage>
      <engineAllocationId>Executor Atividade</engineAllocationId>
      <engineAllocationConfiguration>&lt;AssignmentController&gt;&lt;BaseActivity&gt;75&lt;/BaseActivity&gt;&lt;Returns&gt;Last&lt;/Returns&gt;&lt;/AssignmentController&gt;</engineAllocationConfiguration>
      <selectColleague>1</selectColleague>
      <initialState>false</initialState>
      <notifyAuthorityDelay>true</notifyAuthorityDelay>
      <notifyRequisitionerDelay>false</notifyRequisitionerDelay>
      <allowanceAuthorityTime>0</allowanceAuthorityTime>
      <frequenceAuthorityTime>3600</frequenceAuthorityTime>
      <allowanceRequisitionerTime>0</allowanceRequisitionerTime>
      <frequenceRequisitionerTime>0</frequenceRequisitionerTime>
      <transferAttachments>false</transferAttachments>
      <subProcessId></subProcessId>
      <formFolder>0</formFolder>
      <notifyAuthorityFollowUp>true</notifyAuthorityFollowUp>
      <notifyRequisitionerFollowUp>false</notifyRequisitionerFollowUp>
      <automatic>false</automatic>
      <positionX>1337</positionX>
      <positionY>376</positionY>
      <forecastedEffortType>1</forecastedEffortType>
      <forecastedEffort>1800</forecastedEffort>
      <notifyManagerFollowUp>true</notifyManagerFollowUp>
      <notifyManagerDelay>false</notifyManagerDelay>
      <allowanceManagerTime>0</allowanceManagerTime>
      <frequenceManagerTime>0</frequenceManagerTime>
      <inhibitTransfer>false</inhibitTransfer>
      <periodId></periodId>
      <stateType>0</stateType>
      <bpmnType>80</bpmnType>
      <signalId>0</signalId>
      <counterSign>false</counterSign>
      <openInstances>0</openInstances>
      <noticeExpirationAuthorityTime>0</noticeExpirationAuthorityTime>
      <noticeExpirationRequisitionerTime>0</noticeExpirationRequisitionerTime>
      <noticeExpirationManagerTime>0</noticeExpirationManagerTime>
      <destinationStates/>
      <digitalSignature>false</digitalSignature>
      <executionType>0</executionType>
    </ProcessState>
    <ProcessState>
      <processStatePK>
        <companyId>1</companyId>
        <processId>tigmud</processId>
        <version>1</version>
        <sequence>31</sequence>
      </processStatePK>
      <stateName>Roteiro de Testes</stateName>
      <stateDescription>Roteiro de Testes</stateDescription>
      <instruction>Preparar roteiro de testes e enviar para execução da equipe de sustentação.</instruction>
      <deadlineTime>0</deadlineTime>
      <deadlineFieldName></deadlineFieldName>
      <joint>false</joint>
      <agreementPercentage>0</agreementPercentage>
      <engineAllocationId>Executor Atividade</engineAllocationId>
      <engineAllocationConfiguration>&lt;AssignmentController&gt;&lt;BaseActivity&gt;4&lt;/BaseActivity&gt;&lt;Returns&gt;Last&lt;/Returns&gt;&lt;/AssignmentController&gt;</engineAllocationConfiguration>
      <selectColleague>1</selectColleague>
      <initialState>false</initialState>
      <notifyAuthorityDelay>true</notifyAuthorityDelay>
      <notifyRequisitionerDelay>false</notifyRequisitionerDelay>
      <allowanceAuthorityTime>0</allowanceAuthorityTime>
      <frequenceAuthorityTime>3600</frequenceAuthorityTime>
      <allowanceRequisitionerTime>0</allowanceRequisitionerTime>
      <frequenceRequisitionerTime>0</frequenceRequisitionerTime>
      <transferAttachments>false</transferAttachments>
      <subProcessId></subProcessId>
      <formFolder>0</formFolder>
      <notifyAuthorityFollowUp>true</notifyAuthorityFollowUp>
      <notifyRequisitionerFollowUp>false</notifyRequisitionerFollowUp>
      <automatic>false</automatic>
      <positionX>1050</positionX>
      <positionY>640</positionY>
      <forecastedEffortType>1</forecastedEffortType>
      <forecastedEffort>7200</forecastedEffort>
      <notifyManagerFollowUp>true</notifyManagerFollowUp>
      <notifyManagerDelay>false</notifyManagerDelay>
      <allowanceManagerTime>0</allowanceManagerTime>
      <frequenceManagerTime>0</frequenceManagerTime>
      <inhibitTransfer>false</inhibitTransfer>
      <periodId></periodId>
      <stateType>0</stateType>
      <bpmnType>80</bpmnType>
      <signalId>0</signalId>
      <counterSign>false</counterSign>
      <openInstances>0</openInstances>
      <noticeExpirationAuthorityTime>0</noticeExpirationAuthorityTime>
      <noticeExpirationRequisitionerTime>0</noticeExpirationRequisitionerTime>
      <noticeExpirationManagerTime>0</noticeExpirationManagerTime>
      <destinationStates/>
      <digitalSignature>false</digitalSignature>
      <executionType>0</executionType>
    </ProcessState>
    <ProcessState>
      <processStatePK>
        <companyId>1</companyId>
        <processId>tigmud</processId>
        <version>1</version>
        <sequence>33</sequence>
      </processStatePK>
      <stateName>Aprovação Comite de Mudança</stateName>
      <stateDescription>Aprovação Comite de Mudança</stateDescription>
      <instruction>Comitê de aprovação da mudança</instruction>
      <deadlineTime>3600</deadlineTime>
      <deadlineFieldName></deadlineFieldName>
      <joint>false</joint>
      <agreementPercentage>0</agreementPercentage>
      <engineAllocationId>Usuário</engineAllocationId>
      <engineAllocationConfiguration>&lt;AssignmentController&gt;&lt;User&gt;000070&lt;/User&gt;&lt;/AssignmentController&gt;</engineAllocationConfiguration>
      <selectColleague>1</selectColleague>
      <initialState>false</initialState>
      <notifyAuthorityDelay>true</notifyAuthorityDelay>
      <notifyRequisitionerDelay>false</notifyRequisitionerDelay>
      <allowanceAuthorityTime>0</allowanceAuthorityTime>
      <frequenceAuthorityTime>3600</frequenceAuthorityTime>
      <allowanceRequisitionerTime>0</allowanceRequisitionerTime>
      <frequenceRequisitionerTime>0</frequenceRequisitionerTime>
      <transferAttachments>false</transferAttachments>
      <subProcessId></subProcessId>
      <formFolder>0</formFolder>
      <notifyAuthorityFollowUp>true</notifyAuthorityFollowUp>
      <notifyRequisitionerFollowUp>false</notifyRequisitionerFollowUp>
      <automatic>false</automatic>
      <positionX>620</positionX>
      <positionY>980</positionY>
      <forecastedEffortType>1</forecastedEffortType>
      <forecastedEffort>1800</forecastedEffort>
      <notifyManagerFollowUp>true</notifyManagerFollowUp>
      <notifyManagerDelay>false</notifyManagerDelay>
      <allowanceManagerTime>0</allowanceManagerTime>
      <frequenceManagerTime>0</frequenceManagerTime>
      <inhibitTransfer>false</inhibitTransfer>
      <periodId></periodId>
      <stateType>0</stateType>
      <bpmnType>80</bpmnType>
      <signalId>0</signalId>
      <counterSign>false</counterSign>
      <openInstances>0</openInstances>
      <noticeExpirationAuthorityTime>0</noticeExpirationAuthorityTime>
      <noticeExpirationRequisitionerTime>0</noticeExpirationRequisitionerTime>
      <noticeExpirationManagerTime>0</noticeExpirationManagerTime>
      <destinationStates/>
      <digitalSignature>false</digitalSignature>
      <executionType>0</executionType>
    </ProcessState>
    <ProcessState>
      <processStatePK>
        <companyId>1</companyId>
        <processId>tigmud</processId>
        <version>1</version>
        <sequence>44</sequence>
      </processStatePK>
      <stateName>Efetua os testes e colhe evidências</stateName>
      <stateDescription>Efetua os testes e colhe evidências</stateDescription>
      <instruction></instruction>
      <deadlineTime>0</deadlineTime>
      <deadlineFieldName></deadlineFieldName>
      <joint>true</joint>
      <agreementPercentage>100</agreementPercentage>
      <engineAllocationId>tigmudplteste</engineAllocationId>
      <selectColleague>2</selectColleague>
      <initialState>false</initialState>
      <notifyAuthorityDelay>true</notifyAuthorityDelay>
      <notifyRequisitionerDelay>false</notifyRequisitionerDelay>
      <allowanceAuthorityTime>3600</allowanceAuthorityTime>
      <frequenceAuthorityTime>3600</frequenceAuthorityTime>
      <allowanceRequisitionerTime>0</allowanceRequisitionerTime>
      <frequenceRequisitionerTime>0</frequenceRequisitionerTime>
      <transferAttachments>false</transferAttachments>
      <subProcessId></subProcessId>
      <formFolder>0</formFolder>
      <notifyAuthorityFollowUp>true</notifyAuthorityFollowUp>
      <notifyRequisitionerFollowUp>false</notifyRequisitionerFollowUp>
      <automatic>false</automatic>
      <positionX>1050</positionX>
      <positionY>840</positionY>
      <forecastedEffortType>0</forecastedEffortType>
      <forecastedEffort>0</forecastedEffort>
      <notifyManagerFollowUp>true</notifyManagerFollowUp>
      <notifyManagerDelay>false</notifyManagerDelay>
      <allowanceManagerTime>0</allowanceManagerTime>
      <frequenceManagerTime>0</frequenceManagerTime>
      <inhibitTransfer>false</inhibitTransfer>
      <periodId></periodId>
      <stateType>0</stateType>
      <bpmnType>80</bpmnType>
      <signalId>0</signalId>
      <counterSign>false</counterSign>
      <openInstances>0</openInstances>
      <noticeExpirationAuthorityTime>0</noticeExpirationAuthorityTime>
      <noticeExpirationRequisitionerTime>0</noticeExpirationRequisitionerTime>
      <noticeExpirationManagerTime>0</noticeExpirationManagerTime>
      <destinationStates/>
      <digitalSignature>false</digitalSignature>
      <executionType>0</executionType>
    </ProcessState>
    <ProcessState>
      <processStatePK>
        <companyId>1</companyId>
        <processId>tigmud</processId>
        <version>1</version>
        <sequence>55</sequence>
      </processStatePK>
      <stateName>Aprovação da Proposta</stateName>
      <stateDescription>Aprovação da Proposta</stateDescription>
      <instruction></instruction>
      <deadlineTime>3600</deadlineTime>
      <deadlineFieldName></deadlineFieldName>
      <joint>false</joint>
      <agreementPercentage>0</agreementPercentage>
      <engineAllocationId>Campo Formulário</engineAllocationId>
      <engineAllocationConfiguration>&lt;AssignmentController&gt;&lt;FormField&gt;responsavel&lt;/FormField&gt;&lt;/AssignmentController&gt;</engineAllocationConfiguration>
      <selectColleague>1</selectColleague>
      <initialState>false</initialState>
      <notifyAuthorityDelay>true</notifyAuthorityDelay>
      <notifyRequisitionerDelay>false</notifyRequisitionerDelay>
      <allowanceAuthorityTime>0</allowanceAuthorityTime>
      <frequenceAuthorityTime>3600</frequenceAuthorityTime>
      <allowanceRequisitionerTime>0</allowanceRequisitionerTime>
      <frequenceRequisitionerTime>0</frequenceRequisitionerTime>
      <transferAttachments>false</transferAttachments>
      <subProcessId></subProcessId>
      <formFolder>0</formFolder>
      <notifyAuthorityFollowUp>true</notifyAuthorityFollowUp>
      <notifyRequisitionerFollowUp>false</notifyRequisitionerFollowUp>
      <automatic>false</automatic>
      <positionX>174</positionX>
      <positionY>30</positionY>
      <forecastedEffortType>1</forecastedEffortType>
      <forecastedEffort>1800</forecastedEffort>
      <notifyManagerFollowUp>true</notifyManagerFollowUp>
      <notifyManagerDelay>false</notifyManagerDelay>
      <allowanceManagerTime>0</allowanceManagerTime>
      <frequenceManagerTime>0</frequenceManagerTime>
      <inhibitTransfer>false</inhibitTransfer>
      <periodId></periodId>
      <stateType>0</stateType>
      <bpmnType>80</bpmnType>
      <signalId>0</signalId>
      <counterSign>false</counterSign>
      <openInstances>0</openInstances>
      <noticeExpirationAuthorityTime>0</noticeExpirationAuthorityTime>
      <noticeExpirationRequisitionerTime>0</noticeExpirationRequisitionerTime>
      <noticeExpirationManagerTime>0</noticeExpirationManagerTime>
      <destinationStates/>
      <digitalSignature>false</digitalSignature>
      <executionType>0</executionType>
    </ProcessState>
    <ProcessState>
      <processStatePK>
        <companyId>1</companyId>
        <processId>tigmud</processId>
        <version>1</version>
        <sequence>65</sequence>
      </processStatePK>
      <stateName>Analise Tecnica Impacto</stateName>
      <stateDescription>Analise Tecnica Impacto</stateDescription>
      <instruction></instruction>
      <deadlineTime>3600</deadlineTime>
      <deadlineFieldName></deadlineFieldName>
      <joint>false</joint>
      <agreementPercentage>0</agreementPercentage>
      <engineAllocationId>Executor Atividade</engineAllocationId>
      <engineAllocationConfiguration>&lt;AssignmentController&gt;&lt;BaseActivity&gt;4&lt;/BaseActivity&gt;&lt;Returns&gt;Last&lt;/Returns&gt;&lt;/AssignmentController&gt;</engineAllocationConfiguration>
      <selectColleague>1</selectColleague>
      <initialState>false</initialState>
      <notifyAuthorityDelay>true</notifyAuthorityDelay>
      <notifyRequisitionerDelay>false</notifyRequisitionerDelay>
      <allowanceAuthorityTime>0</allowanceAuthorityTime>
      <frequenceAuthorityTime>3600</frequenceAuthorityTime>
      <allowanceRequisitionerTime>0</allowanceRequisitionerTime>
      <frequenceRequisitionerTime>0</frequenceRequisitionerTime>
      <transferAttachments>false</transferAttachments>
      <subProcessId></subProcessId>
      <formFolder>0</formFolder>
      <notifyAuthorityFollowUp>true</notifyAuthorityFollowUp>
      <notifyRequisitionerFollowUp>false</notifyRequisitionerFollowUp>
      <automatic>false</automatic>
      <positionX>330</positionX>
      <positionY>500</positionY>
      <forecastedEffortType>1</forecastedEffortType>
      <forecastedEffort>1800</forecastedEffort>
      <notifyManagerFollowUp>true</notifyManagerFollowUp>
      <notifyManagerDelay>false</notifyManagerDelay>
      <allowanceManagerTime>0</allowanceManagerTime>
      <frequenceManagerTime>0</frequenceManagerTime>
      <inhibitTransfer>false</inhibitTransfer>
      <periodId></periodId>
      <stateType>0</stateType>
      <bpmnType>80</bpmnType>
      <signalId>0</signalId>
      <counterSign>false</counterSign>
      <openInstances>0</openInstances>
      <noticeExpirationAuthorityTime>0</noticeExpirationAuthorityTime>
      <noticeExpirationRequisitionerTime>0</noticeExpirationRequisitionerTime>
      <noticeExpirationManagerTime>0</noticeExpirationManagerTime>
      <destinationStates/>
      <digitalSignature>false</digitalSignature>
      <executionType>0</executionType>
    </ProcessState>
    <ProcessState>
      <processStatePK>
        <companyId>1</companyId>
        <processId>tigmud</processId>
        <version>1</version>
        <sequence>67</sequence>
      </processStatePK>
      <stateName>Aprovação da Análise técnica</stateName>
      <stateDescription>Aprovação da Análise técnica</stateDescription>
      <instruction>Gerente do solicitante faz a aprovação técnica da proposta.&#xd;
Se gerente não aprovar, a solcitação é fianliziada</instruction>
      <deadlineTime>3600</deadlineTime>
      <deadlineFieldName></deadlineFieldName>
      <joint>false</joint>
      <agreementPercentage>0</agreementPercentage>
      <engineAllocationId>Campo Formulário</engineAllocationId>
      <engineAllocationConfiguration>&lt;AssignmentController&gt;&lt;FormField&gt;gerente&lt;/FormField&gt;&lt;/AssignmentController&gt;</engineAllocationConfiguration>
      <selectColleague>1</selectColleague>
      <initialState>false</initialState>
      <notifyAuthorityDelay>true</notifyAuthorityDelay>
      <notifyRequisitionerDelay>false</notifyRequisitionerDelay>
      <allowanceAuthorityTime>0</allowanceAuthorityTime>
      <frequenceAuthorityTime>3600</frequenceAuthorityTime>
      <allowanceRequisitionerTime>0</allowanceRequisitionerTime>
      <frequenceRequisitionerTime>0</frequenceRequisitionerTime>
      <transferAttachments>false</transferAttachments>
      <subProcessId></subProcessId>
      <formFolder>0</formFolder>
      <notifyAuthorityFollowUp>true</notifyAuthorityFollowUp>
      <notifyRequisitionerFollowUp>false</notifyRequisitionerFollowUp>
      <automatic>false</automatic>
      <positionX>517</positionX>
      <positionY>160</positionY>
      <forecastedEffortType>1</forecastedEffortType>
      <forecastedEffort>1800</forecastedEffort>
      <notifyManagerFollowUp>true</notifyManagerFollowUp>
      <notifyManagerDelay>false</notifyManagerDelay>
      <allowanceManagerTime>0</allowanceManagerTime>
      <frequenceManagerTime>0</frequenceManagerTime>
      <inhibitTransfer>false</inhibitTransfer>
      <periodId></periodId>
      <stateType>0</stateType>
      <bpmnType>80</bpmnType>
      <signalId>0</signalId>
      <counterSign>false</counterSign>
      <openInstances>0</openInstances>
      <noticeExpirationAuthorityTime>0</noticeExpirationAuthorityTime>
      <noticeExpirationRequisitionerTime>0</noticeExpirationRequisitionerTime>
      <noticeExpirationManagerTime>0</noticeExpirationManagerTime>
      <destinationStates/>
      <digitalSignature>false</digitalSignature>
      <executionType>0</executionType>
    </ProcessState>
    <ProcessState>
      <processStatePK>
        <companyId>1</companyId>
        <processId>tigmud</processId>
        <version>1</version>
        <sequence>75</sequence>
      </processStatePK>
      <stateName>Aprovação Sustentação</stateName>
      <stateDescription>Aprovação Sustentação</stateDescription>
      <instruction>Lider da sustentação aprova o formulário e envia para o comite de gestão de mudanção para aprovação.</instruction>
      <deadlineTime>3600</deadlineTime>
      <deadlineFieldName></deadlineFieldName>
      <joint>false</joint>
      <agreementPercentage>0</agreementPercentage>
      <engineAllocationId>Usuário</engineAllocationId>
      <engineAllocationConfiguration>&lt;AssignmentController&gt;&lt;User&gt;000004&lt;/User&gt;&lt;/AssignmentController&gt;</engineAllocationConfiguration>
      <selectColleague>1</selectColleague>
      <initialState>false</initialState>
      <notifyAuthorityDelay>true</notifyAuthorityDelay>
      <notifyRequisitionerDelay>false</notifyRequisitionerDelay>
      <allowanceAuthorityTime>0</allowanceAuthorityTime>
      <frequenceAuthorityTime>3600</frequenceAuthorityTime>
      <allowanceRequisitionerTime>0</allowanceRequisitionerTime>
      <frequenceRequisitionerTime>0</frequenceRequisitionerTime>
      <transferAttachments>false</transferAttachments>
      <subProcessId></subProcessId>
      <formFolder>0</formFolder>
      <notifyAuthorityFollowUp>true</notifyAuthorityFollowUp>
      <notifyRequisitionerFollowUp>false</notifyRequisitionerFollowUp>
      <automatic>false</automatic>
      <positionX>754</positionX>
      <positionY>368</positionY>
      <forecastedEffortType>1</forecastedEffortType>
      <forecastedEffort>1800</forecastedEffort>
      <notifyManagerFollowUp>true</notifyManagerFollowUp>
      <notifyManagerDelay>false</notifyManagerDelay>
      <allowanceManagerTime>0</allowanceManagerTime>
      <frequenceManagerTime>0</frequenceManagerTime>
      <inhibitTransfer>false</inhibitTransfer>
      <periodId></periodId>
      <stateType>0</stateType>
      <bpmnType>80</bpmnType>
      <signalId>0</signalId>
      <counterSign>false</counterSign>
      <openInstances>0</openInstances>
      <noticeExpirationAuthorityTime>0</noticeExpirationAuthorityTime>
      <noticeExpirationRequisitionerTime>0</noticeExpirationRequisitionerTime>
      <noticeExpirationManagerTime>0</noticeExpirationManagerTime>
      <destinationStates/>
      <digitalSignature>false</digitalSignature>
      <executionType>0</executionType>
    </ProcessState>
    <ProcessState>
      <processStatePK>
        <companyId>1</companyId>
        <processId>tigmud</processId>
        <version>1</version>
        <sequence>91</sequence>
      </processStatePK>
      <stateName>Validaçao de Deploy</stateName>
      <stateDescription>Validaçao de Deploy</stateDescription>
      <instruction>Deploy realizado com sucesso?</instruction>
      <deadlineTime>3600</deadlineTime>
      <deadlineFieldName></deadlineFieldName>
      <joint>true</joint>
      <agreementPercentage>100</agreementPercentage>
      <engineAllocationId>Associado</engineAllocationId>
      <engineAllocationConfiguration>&lt;AssociatedController ConditionAssociated=&quot;OR&quot;&gt;&lt;ControlXML TypeAssociated=&quot;Executor Atividade&quot;&gt;&lt;AssignmentController&gt;&lt;BaseActivity&gt;55&lt;/BaseActivity&gt;&lt;Returns&gt;Last&lt;/Returns&gt;&lt;/AssignmentController&gt;&lt;/ControlXML&gt;&lt;ControlXML TypeAssociated=&quot;Executor Atividade&quot;&gt;&lt;AssignmentController&gt;&lt;BaseActivity&gt;67&lt;/BaseActivity&gt;&lt;Returns&gt;Last&lt;/Returns&gt;&lt;/AssignmentController&gt;&lt;/ControlXML&gt;&lt;/AssociatedController&gt;</engineAllocationConfiguration>
      <selectColleague>2</selectColleague>
      <initialState>false</initialState>
      <notifyAuthorityDelay>true</notifyAuthorityDelay>
      <notifyRequisitionerDelay>false</notifyRequisitionerDelay>
      <allowanceAuthorityTime>0</allowanceAuthorityTime>
      <frequenceAuthorityTime>3600</frequenceAuthorityTime>
      <allowanceRequisitionerTime>0</allowanceRequisitionerTime>
      <frequenceRequisitionerTime>0</frequenceRequisitionerTime>
      <transferAttachments>false</transferAttachments>
      <subProcessId></subProcessId>
      <formFolder>0</formFolder>
      <notifyAuthorityFollowUp>true</notifyAuthorityFollowUp>
      <notifyRequisitionerFollowUp>false</notifyRequisitionerFollowUp>
      <automatic>false</automatic>
      <positionX>1357</positionX>
      <positionY>160</positionY>
      <forecastedEffortType>1</forecastedEffortType>
      <forecastedEffort>1800</forecastedEffort>
      <notifyManagerFollowUp>true</notifyManagerFollowUp>
      <notifyManagerDelay>false</notifyManagerDelay>
      <allowanceManagerTime>0</allowanceManagerTime>
      <frequenceManagerTime>0</frequenceManagerTime>
      <inhibitTransfer>false</inhibitTransfer>
      <periodId></periodId>
      <stateType>0</stateType>
      <bpmnType>80</bpmnType>
      <signalId>0</signalId>
      <counterSign>false</counterSign>
      <openInstances>0</openInstances>
      <noticeExpirationAuthorityTime>0</noticeExpirationAuthorityTime>
      <noticeExpirationRequisitionerTime>0</noticeExpirationRequisitionerTime>
      <noticeExpirationManagerTime>0</noticeExpirationManagerTime>
      <destinationStates/>
      <digitalSignature>false</digitalSignature>
      <executionType>0</executionType>
    </ProcessState>
    <ProcessState>
      <processStatePK>
        <companyId>1</companyId>
        <processId>tigmud</processId>
        <version>1</version>
        <sequence>96</sequence>
      </processStatePK>
      <stateName>Finaliza documentação e ticket</stateName>
      <stateDescription>Finaliza documentação e ticket</stateDescription>
      <instruction></instruction>
      <deadlineTime>3600</deadlineTime>
      <deadlineFieldName></deadlineFieldName>
      <joint>false</joint>
      <agreementPercentage>0</agreementPercentage>
      <engineAllocationId>Usuário</engineAllocationId>
      <engineAllocationConfiguration>&lt;AssignmentController&gt;&lt;User&gt;000004&lt;/User&gt;&lt;/AssignmentController&gt;</engineAllocationConfiguration>
      <selectColleague>1</selectColleague>
      <initialState>false</initialState>
      <notifyAuthorityDelay>true</notifyAuthorityDelay>
      <notifyRequisitionerDelay>false</notifyRequisitionerDelay>
      <allowanceAuthorityTime>0</allowanceAuthorityTime>
      <frequenceAuthorityTime>3600</frequenceAuthorityTime>
      <allowanceRequisitionerTime>0</allowanceRequisitionerTime>
      <frequenceRequisitionerTime>0</frequenceRequisitionerTime>
      <transferAttachments>false</transferAttachments>
      <subProcessId></subProcessId>
      <formFolder>0</formFolder>
      <notifyAuthorityFollowUp>true</notifyAuthorityFollowUp>
      <notifyRequisitionerFollowUp>true</notifyRequisitionerFollowUp>
      <automatic>false</automatic>
      <positionX>1477</positionX>
      <positionY>515</positionY>
      <forecastedEffortType>1</forecastedEffortType>
      <forecastedEffort>1800</forecastedEffort>
      <notifyManagerFollowUp>true</notifyManagerFollowUp>
      <notifyManagerDelay>false</notifyManagerDelay>
      <allowanceManagerTime>0</allowanceManagerTime>
      <frequenceManagerTime>0</frequenceManagerTime>
      <inhibitTransfer>false</inhibitTransfer>
      <periodId></periodId>
      <stateType>0</stateType>
      <bpmnType>80</bpmnType>
      <signalId>0</signalId>
      <counterSign>false</counterSign>
      <openInstances>0</openInstances>
      <noticeExpirationAuthorityTime>0</noticeExpirationAuthorityTime>
      <noticeExpirationRequisitionerTime>0</noticeExpirationRequisitionerTime>
      <noticeExpirationManagerTime>0</noticeExpirationManagerTime>
      <destinationStates/>
      <digitalSignature>false</digitalSignature>
      <executionType>0</executionType>
    </ProcessState>
    <ProcessState>
      <processStatePK>
        <companyId>1</companyId>
        <processId>tigmud</processId>
        <version>1</version>
        <sequence>100</sequence>
      </processStatePK>
      <stateName>Rollback</stateName>
      <stateDescription>Rollback</stateDescription>
      <instruction></instruction>
      <deadlineTime>0</deadlineTime>
      <deadlineFieldName></deadlineFieldName>
      <joint>false</joint>
      <agreementPercentage>0</agreementPercentage>
      <engineAllocationId>Campo Formulário</engineAllocationId>
      <engineAllocationConfiguration>&lt;AssignmentController&gt;&lt;FormField&gt;responsavel&lt;/FormField&gt;&lt;/AssignmentController&gt;</engineAllocationConfiguration>
      <selectColleague>1</selectColleague>
      <initialState>false</initialState>
      <notifyAuthorityDelay>true</notifyAuthorityDelay>
      <notifyRequisitionerDelay>false</notifyRequisitionerDelay>
      <allowanceAuthorityTime>3600</allowanceAuthorityTime>
      <frequenceAuthorityTime>3600</frequenceAuthorityTime>
      <allowanceRequisitionerTime>0</allowanceRequisitionerTime>
      <frequenceRequisitionerTime>0</frequenceRequisitionerTime>
      <transferAttachments>false</transferAttachments>
      <subProcessId></subProcessId>
      <formFolder>0</formFolder>
      <notifyAuthorityFollowUp>true</notifyAuthorityFollowUp>
      <notifyRequisitionerFollowUp>false</notifyRequisitionerFollowUp>
      <automatic>false</automatic>
      <positionX>1050</positionX>
      <positionY>69</positionY>
      <forecastedEffortType>0</forecastedEffortType>
      <forecastedEffort>0</forecastedEffort>
      <notifyManagerFollowUp>true</notifyManagerFollowUp>
      <notifyManagerDelay>false</notifyManagerDelay>
      <allowanceManagerTime>0</allowanceManagerTime>
      <frequenceManagerTime>0</frequenceManagerTime>
      <inhibitTransfer>false</inhibitTransfer>
      <periodId></periodId>
      <stateType>0</stateType>
      <bpmnType>80</bpmnType>
      <signalId>0</signalId>
      <counterSign>false</counterSign>
      <openInstances>0</openInstances>
      <noticeExpirationAuthorityTime>0</noticeExpirationAuthorityTime>
      <noticeExpirationRequisitionerTime>0</noticeExpirationRequisitionerTime>
      <noticeExpirationManagerTime>0</noticeExpirationManagerTime>
      <destinationStates/>
      <digitalSignature>false</digitalSignature>
      <executionType>0</executionType>
    </ProcessState>
    <ProcessState>
      <processStatePK>
        <companyId>1</companyId>
        <processId>tigmud</processId>
        <version>1</version>
        <sequence>109</sequence>
      </processStatePK>
      <stateName>Qualidade</stateName>
      <stateDescription>Qualidade</stateDescription>
      <instruction></instruction>
      <deadlineTime>3600</deadlineTime>
      <deadlineFieldName></deadlineFieldName>
      <joint>false</joint>
      <agreementPercentage>0</agreementPercentage>
      <engineAllocationId>Pool Papel</engineAllocationId>
      <engineAllocationConfiguration>&lt;AssignmentController&gt;&lt;Role&gt;qua_gmud&lt;/Role&gt;&lt;/AssignmentController&gt;</engineAllocationConfiguration>
      <selectColleague>1</selectColleague>
      <initialState>false</initialState>
      <notifyAuthorityDelay>true</notifyAuthorityDelay>
      <notifyRequisitionerDelay>false</notifyRequisitionerDelay>
      <allowanceAuthorityTime>0</allowanceAuthorityTime>
      <frequenceAuthorityTime>3600</frequenceAuthorityTime>
      <allowanceRequisitionerTime>600</allowanceRequisitionerTime>
      <frequenceRequisitionerTime>36000</frequenceRequisitionerTime>
      <transferAttachments>false</transferAttachments>
      <subProcessId></subProcessId>
      <formFolder>0</formFolder>
      <notifyAuthorityFollowUp>true</notifyAuthorityFollowUp>
      <notifyRequisitionerFollowUp>false</notifyRequisitionerFollowUp>
      <automatic>false</automatic>
      <positionX>517</positionX>
      <positionY>600</positionY>
      <forecastedEffortType>1</forecastedEffortType>
      <forecastedEffort>1800</forecastedEffort>
      <notifyManagerFollowUp>true</notifyManagerFollowUp>
      <notifyManagerDelay>false</notifyManagerDelay>
      <allowanceManagerTime>0</allowanceManagerTime>
      <frequenceManagerTime>0</frequenceManagerTime>
      <inhibitTransfer>false</inhibitTransfer>
      <periodId></periodId>
      <stateType>0</stateType>
      <bpmnType>80</bpmnType>
      <signalId>0</signalId>
      <counterSign>false</counterSign>
      <openInstances>0</openInstances>
      <noticeExpirationAuthorityTime>0</noticeExpirationAuthorityTime>
      <noticeExpirationRequisitionerTime>3600</noticeExpirationRequisitionerTime>
      <noticeExpirationManagerTime>0</noticeExpirationManagerTime>
      <destinationStates/>
      <digitalSignature>false</digitalSignature>
      <executionType>0</executionType>
    </ProcessState>
    <ProcessState>
      <processStatePK>
        <companyId>1</companyId>
        <processId>tigmud</processId>
        <version>1</version>
        <sequence>132</sequence>
      </processStatePK>
      <stateName>Intermediário</stateName>
      <stateDescription>Intermediário</stateDescription>
      <instruction>Evento intermediário do processo</instruction>
      <deadlineTime>0</deadlineTime>
      <joint>false</joint>
      <agreementPercentage>0</agreementPercentage>
      <engineAllocationId></engineAllocationId>
      <engineAllocationConfiguration></engineAllocationConfiguration>
      <selectColleague>0</selectColleague>
      <initialState>false</initialState>
      <notifyAuthorityDelay>true</notifyAuthorityDelay>
      <notifyRequisitionerDelay>false</notifyRequisitionerDelay>
      <allowanceAuthorityTime>1</allowanceAuthorityTime>
      <frequenceAuthorityTime>1</frequenceAuthorityTime>
      <allowanceRequisitionerTime>0</allowanceRequisitionerTime>
      <frequenceRequisitionerTime>0</frequenceRequisitionerTime>
      <transferAttachments>false</transferAttachments>
      <subProcessId></subProcessId>
      <formFolder>0</formFolder>
      <notifyAuthorityFollowUp>true</notifyAuthorityFollowUp>
      <notifyRequisitionerFollowUp>false</notifyRequisitionerFollowUp>
      <automatic>false</automatic>
      <positionX>552</positionX>
      <positionY>680</positionY>
      <forecastedEffortType>0</forecastedEffortType>
      <forecastedEffort>0</forecastedEffort>
      <notifyManagerFollowUp>false</notifyManagerFollowUp>
      <notifyManagerDelay>false</notifyManagerDelay>
      <frequenceManagerTime>0</frequenceManagerTime>
      <inhibitTransfer>false</inhibitTransfer>
      <periodId></periodId>
      <stateType>0</stateType>
      <bpmnType>36</bpmnType>
      <signalId>0</signalId>
      <counterSign>false</counterSign>
      <openInstances>0</openInstances>
      <destinationStates/>
      <digitalSignature>false</digitalSignature>
      <parentSequence>0</parentSequence>
    </ProcessState>
    <ProcessState>
      <processStatePK>
        <companyId>1</companyId>
        <processId>tigmud</processId>
        <version>1</version>
        <sequence>136</sequence>
      </processStatePK>
      <stateName>Intermediário</stateName>
      <stateDescription>Intermediário</stateDescription>
      <instruction>Evento intermediário do processo</instruction>
      <deadlineTime>0</deadlineTime>
      <joint>false</joint>
      <agreementPercentage>0</agreementPercentage>
      <engineAllocationId></engineAllocationId>
      <engineAllocationConfiguration></engineAllocationConfiguration>
      <selectColleague>0</selectColleague>
      <initialState>false</initialState>
      <notifyAuthorityDelay>true</notifyAuthorityDelay>
      <notifyRequisitionerDelay>false</notifyRequisitionerDelay>
      <allowanceAuthorityTime>1</allowanceAuthorityTime>
      <frequenceAuthorityTime>1</frequenceAuthorityTime>
      <allowanceRequisitionerTime>0</allowanceRequisitionerTime>
      <frequenceRequisitionerTime>0</frequenceRequisitionerTime>
      <transferAttachments>false</transferAttachments>
      <subProcessId></subProcessId>
      <formFolder>0</formFolder>
      <notifyAuthorityFollowUp>true</notifyAuthorityFollowUp>
      <notifyRequisitionerFollowUp>false</notifyRequisitionerFollowUp>
      <automatic>false</automatic>
      <positionX>1610</positionX>
      <positionY>43</positionY>
      <forecastedEffortType>0</forecastedEffortType>
      <forecastedEffort>0</forecastedEffort>
      <notifyManagerFollowUp>false</notifyManagerFollowUp>
      <notifyManagerDelay>false</notifyManagerDelay>
      <frequenceManagerTime>0</frequenceManagerTime>
      <inhibitTransfer>false</inhibitTransfer>
      <periodId></periodId>
      <stateType>0</stateType>
      <bpmnType>42</bpmnType>
      <signalId>0</signalId>
      <counterSign>false</counterSign>
      <openInstances>0</openInstances>
      <destinationStates/>
      <digitalSignature>false</digitalSignature>
      <parentSequence>0</parentSequence>
    </ProcessState>
    <ProcessState>
      <processStatePK>
        <companyId>1</companyId>
        <processId>tigmud</processId>
        <version>1</version>
        <sequence>143</sequence>
      </processStatePK>
      <stateName>Intermediário</stateName>
      <stateDescription>Intermediário</stateDescription>
      <instruction>Evento intermediário do processo</instruction>
      <deadlineTime>0</deadlineTime>
      <joint>false</joint>
      <agreementPercentage>0</agreementPercentage>
      <engineAllocationId></engineAllocationId>
      <engineAllocationConfiguration></engineAllocationConfiguration>
      <selectColleague>0</selectColleague>
      <initialState>false</initialState>
      <notifyAuthorityDelay>true</notifyAuthorityDelay>
      <notifyRequisitionerDelay>false</notifyRequisitionerDelay>
      <allowanceAuthorityTime>1</allowanceAuthorityTime>
      <frequenceAuthorityTime>1</frequenceAuthorityTime>
      <allowanceRequisitionerTime>0</allowanceRequisitionerTime>
      <frequenceRequisitionerTime>0</frequenceRequisitionerTime>
      <transferAttachments>false</transferAttachments>
      <subProcessId></subProcessId>
      <formFolder>0</formFolder>
      <notifyAuthorityFollowUp>true</notifyAuthorityFollowUp>
      <notifyRequisitionerFollowUp>false</notifyRequisitionerFollowUp>
      <automatic>false</automatic>
      <positionX>790</positionX>
      <positionY>47</positionY>
      <forecastedEffortType>0</forecastedEffortType>
      <forecastedEffort>0</forecastedEffort>
      <notifyManagerFollowUp>false</notifyManagerFollowUp>
      <notifyManagerDelay>false</notifyManagerDelay>
      <frequenceManagerTime>0</frequenceManagerTime>
      <inhibitTransfer>false</inhibitTransfer>
      <periodId></periodId>
      <stateType>0</stateType>
      <bpmnType>36</bpmnType>
      <signalId>0</signalId>
      <counterSign>false</counterSign>
      <openInstances>0</openInstances>
      <destinationStates/>
      <digitalSignature>false</digitalSignature>
      <parentSequence>0</parentSequence>
    </ProcessState>
    <ProcessState>
      <processStatePK>
        <companyId>1</companyId>
        <processId>tigmud</processId>
        <version>1</version>
        <sequence>57</sequence>
      </processStatePK>
      <stateName>Formulário aprovado?</stateName>
      <stateDescription>Formulário aprovado?</stateDescription>
      <joint>false</joint>
      <initialState>false</initialState>
      <transferAttachments>false</transferAttachments>
      <subProcessId></subProcessId>
      <formFolder>0</formFolder>
      <automatic>true</automatic>
      <positionX>350</positionX>
      <positionY>10</positionY>
      <inhibitTransfer>false</inhibitTransfer>
      <stateType>1</stateType>
      <bpmnType>120</bpmnType>
      <signalId>0</signalId>
      <openInstances>0</openInstances>
      <destinationStates/>
      <digitalSignature>false</digitalSignature>
    </ProcessState>
    <ProcessState>
      <processStatePK>
        <companyId>1</companyId>
        <processId>tigmud</processId>
        <version>1</version>
        <sequence>69</sequence>
      </processStatePK>
      <stateName>Formulário aprovado?</stateName>
      <stateDescription>Formulário aprovado?</stateDescription>
      <joint>false</joint>
      <initialState>false</initialState>
      <transferAttachments>false</transferAttachments>
      <subProcessId></subProcessId>
      <formFolder>0</formFolder>
      <automatic>true</automatic>
      <positionX>777</positionX>
      <positionY>137</positionY>
      <inhibitTransfer>false</inhibitTransfer>
      <stateType>1</stateType>
      <bpmnType>120</bpmnType>
      <signalId>0</signalId>
      <openInstances>0</openInstances>
      <destinationStates/>
      <digitalSignature>false</digitalSignature>
    </ProcessState>
    <ProcessState>
      <processStatePK>
        <companyId>1</companyId>
        <processId>tigmud</processId>
        <version>1</version>
        <sequence>78</sequence>
      </processStatePK>
      <stateName>Aprov</stateName>
      <stateDescription>Aprov</stateDescription>
      <joint>false</joint>
      <initialState>false</initialState>
      <transferAttachments>false</transferAttachments>
      <subProcessId></subProcessId>
      <formFolder>0</formFolder>
      <automatic>true</automatic>
      <positionX>590</positionX>
      <positionY>1140</positionY>
      <inhibitTransfer>false</inhibitTransfer>
      <stateType>1</stateType>
      <bpmnType>120</bpmnType>
      <signalId>0</signalId>
      <openInstances>0</openInstances>
      <destinationStates/>
      <digitalSignature>false</digitalSignature>
    </ProcessState>
    <ProcessState>
      <processStatePK>
        <companyId>1</companyId>
        <processId>tigmud</processId>
        <version>1</version>
        <sequence>89</sequence>
      </processStatePK>
      <stateName>Aprov</stateName>
      <stateDescription>Aprov</stateDescription>
      <joint>false</joint>
      <initialState>false</initialState>
      <transferAttachments>false</transferAttachments>
      <subProcessId></subProcessId>
      <formFolder>0</formFolder>
      <automatic>true</automatic>
      <positionX>1150</positionX>
      <positionY>367</positionY>
      <inhibitTransfer>false</inhibitTransfer>
      <stateType>1</stateType>
      <bpmnType>120</bpmnType>
      <signalId>0</signalId>
      <openInstances>0</openInstances>
      <destinationStates/>
      <digitalSignature>false</digitalSignature>
    </ProcessState>
    <ProcessState>
      <processStatePK>
        <companyId>1</companyId>
        <processId>tigmud</processId>
        <version>1</version>
        <sequence>94</sequence>
      </processStatePK>
      <stateName>Deploy ok?</stateName>
      <stateDescription>Deploy ok?</stateDescription>
      <joint>false</joint>
      <initialState>false</initialState>
      <transferAttachments>false</transferAttachments>
      <subProcessId></subProcessId>
      <formFolder>0</formFolder>
      <automatic>true</automatic>
      <positionX>1380</positionX>
      <positionY>10</positionY>
      <inhibitTransfer>false</inhibitTransfer>
      <stateType>1</stateType>
      <bpmnType>120</bpmnType>
      <signalId>0</signalId>
      <openInstances>0</openInstances>
      <destinationStates/>
      <digitalSignature>false</digitalSignature>
    </ProcessState>
    <ProcessState>
      <processStatePK>
        <companyId>1</companyId>
        <processId>tigmud</processId>
        <version>1</version>
        <sequence>126</sequence>
      </processStatePK>
      <stateName>Paralelo</stateName>
      <stateDescription>Paralelo</stateDescription>
      <joint>false</joint>
      <initialState>false</initialState>
      <transferAttachments>false</transferAttachments>
      <subProcessId></subProcessId>
      <formFolder>0</formFolder>
      <automatic>false</automatic>
      <positionX>540</positionX>
      <positionY>491</positionY>
      <inhibitTransfer>false</inhibitTransfer>
      <stateType>3</stateType>
      <bpmnType>126</bpmnType>
      <signalId>0</signalId>
      <openInstances>0</openInstances>
      <destinationStates/>
      <digitalSignature>false</digitalSignature>
    </ProcessState>
    <ProcessState>
      <processStatePK>
        <companyId>1</companyId>
        <processId>tigmud</processId>
        <version>1</version>
        <sequence>133</sequence>
      </processStatePK>
      <stateName>Join</stateName>
      <stateDescription>Join</stateDescription>
      <joint>false</joint>
      <initialState>false</initialState>
      <transferAttachments>false</transferAttachments>
      <subProcessId></subProcessId>
      <formFolder>0</formFolder>
      <automatic>false</automatic>
      <positionX>1500</positionX>
      <positionY>17</positionY>
      <inhibitTransfer>false</inhibitTransfer>
      <stateType>4</stateType>
      <bpmnType>127</bpmnType>
      <signalId>0</signalId>
      <openInstances>0</openInstances>
      <destinationStates/>
      <digitalSignature>false</digitalSignature>
    </ProcessState>
    <ProcessState>
      <processStatePK>
        <companyId>1</companyId>
        <processId>tigmud</processId>
        <version>1</version>
        <sequence>98</sequence>
      </processStatePK>
      <stateName>Fim Sucesso</stateName>
      <stateDescription>Fim Sucesso</stateDescription>
      <instruction>Atividade final do processo</instruction>
      <deadlineTime>0</deadlineTime>
      <joint>false</joint>
      <agreementPercentage>0</agreementPercentage>
      <engineAllocationId></engineAllocationId>
      <engineAllocationConfiguration></engineAllocationConfiguration>
      <selectColleague>0</selectColleague>
      <initialState>false</initialState>
      <notifyAuthorityDelay>true</notifyAuthorityDelay>
      <notifyRequisitionerDelay>false</notifyRequisitionerDelay>
      <allowanceAuthorityTime>0</allowanceAuthorityTime>
      <frequenceAuthorityTime>1</frequenceAuthorityTime>
      <allowanceRequisitionerTime>0</allowanceRequisitionerTime>
      <frequenceRequisitionerTime>0</frequenceRequisitionerTime>
      <transferAttachments>false</transferAttachments>
      <subProcessId></subProcessId>
      <formFolder>0</formFolder>
      <notifyAuthorityFollowUp>false</notifyAuthorityFollowUp>
      <notifyRequisitionerFollowUp>false</notifyRequisitionerFollowUp>
      <automatic>false</automatic>
      <positionX>1610</positionX>
      <positionY>540</positionY>
      <forecastedEffortType>0</forecastedEffortType>
      <forecastedEffort>0</forecastedEffort>
      <notifyManagerFollowUp>false</notifyManagerFollowUp>
      <notifyManagerDelay>false</notifyManagerDelay>
      <allowanceManagerTime>0</allowanceManagerTime>
      <frequenceManagerTime>0</frequenceManagerTime>
      <inhibitTransfer>false</inhibitTransfer>
      <periodId></periodId>
      <stateType>6</stateType>
      <bpmnType>60</bpmnType>
      <signalId>0</signalId>
      <counterSign>false</counterSign>
      <openInstances>0</openInstances>
      <destinationStates/>
      <digitalSignature>false</digitalSignature>
    </ProcessState>
  </list>
  <list>
    <ConditionProcessState>
      <conditionProcessStatePK>
        <companyId>1</companyId>
        <processId>tigmud</processId>
        <expressionOrder>1</expressionOrder>
        <version>15</version>
        <sequence>57</sequence>
      </conditionProcessStatePK>
      <condition>hAPI.getCardValue(&apos;aprova1e2&apos;)==&apos;sim&apos;&#xd;
</condition>
      <destinationSequenceId>65</destinationSequenceId>
      <conditionType>0</conditionType>
    </ConditionProcessState>
    <ConditionProcessState>
      <conditionProcessStatePK>
        <companyId>1</companyId>
        <processId>tigmud</processId>
        <expressionOrder>2</expressionOrder>
        <version>15</version>
        <sequence>57</sequence>
      </conditionProcessStatePK>
      <condition>hAPI.getCardValue(&apos;aprova1e2&apos;)==&apos;nao&apos;&#xd;
</condition>
      <destinationSequenceId>143</destinationSequenceId>
      <conditionType>0</conditionType>
    </ConditionProcessState>
    <ConditionProcessState>
      <conditionProcessStatePK>
        <companyId>1</companyId>
        <processId>tigmud</processId>
        <expressionOrder>1</expressionOrder>
        <version>15</version>
        <sequence>69</sequence>
      </conditionProcessStatePK>
      <condition>hAPI.getCardValue(&apos;aprova3e4&apos;)==&apos;sim&apos;&#xd;
</condition>
      <destinationSequenceId>75</destinationSequenceId>
      <conditionType>0</conditionType>
    </ConditionProcessState>
    <ConditionProcessState>
      <conditionProcessStatePK>
        <companyId>1</companyId>
        <processId>tigmud</processId>
        <expressionOrder>2</expressionOrder>
        <version>15</version>
        <sequence>69</sequence>
      </conditionProcessStatePK>
      <condition>hAPI.getCardValue(&apos;aprova3e4&apos;)==&apos;nao&apos;&#xd;
</condition>
      <destinationSequenceId>143</destinationSequenceId>
      <conditionType>0</conditionType>
    </ConditionProcessState>
    <ConditionProcessState>
      <conditionProcessStatePK>
        <companyId>1</companyId>
        <processId>tigmud</processId>
        <expressionOrder>1</expressionOrder>
        <version>15</version>
        <sequence>78</sequence>
      </conditionProcessStatePK>
      <condition>hAPI.getCardValue(&apos;aprovComite&apos;)==&apos;sim&apos;&#xd;
</condition>
      <destinationSequenceId>31</destinationSequenceId>
      <conditionType>0</conditionType>
    </ConditionProcessState>
    <ConditionProcessState>
      <conditionProcessStatePK>
        <companyId>1</companyId>
        <processId>tigmud</processId>
        <expressionOrder>2</expressionOrder>
        <version>15</version>
        <sequence>78</sequence>
      </conditionProcessStatePK>
      <condition>hAPI.getCardValue(&apos;aprovComite&apos;)==&apos;nao&apos;</condition>
      <destinationSequenceId>65</destinationSequenceId>
      <conditionType>0</conditionType>
    </ConditionProcessState>
    <ConditionProcessState>
      <conditionProcessStatePK>
        <companyId>1</companyId>
        <processId>tigmud</processId>
        <expressionOrder>1</expressionOrder>
        <version>15</version>
        <sequence>89</sequence>
      </conditionProcessStatePK>
      <condition>hAPI.getCardValue(&apos;aprovTestes&apos;)==&apos;sim&apos;&#xd;
</condition>
      <destinationSequenceId>91</destinationSequenceId>
      <conditionType>0</conditionType>
    </ConditionProcessState>
    <ConditionProcessState>
      <conditionProcessStatePK>
        <companyId>1</companyId>
        <processId>tigmud</processId>
        <expressionOrder>2</expressionOrder>
        <version>15</version>
        <sequence>89</sequence>
      </conditionProcessStatePK>
      <condition>hAPI.getCardValue(&apos;aprovTestes&apos;)==&apos;nao&apos;</condition>
      <destinationSequenceId>31</destinationSequenceId>
      <conditionType>0</conditionType>
    </ConditionProcessState>
    <ConditionProcessState>
      <conditionProcessStatePK>
        <companyId>1</companyId>
        <processId>tigmud</processId>
        <expressionOrder>1</expressionOrder>
        <version>15</version>
        <sequence>94</sequence>
      </conditionProcessStatePK>
      <condition>hAPI.getCardValue(&apos;aprovDeploy&apos;)==&apos;sim&apos;&#xd;
</condition>
      <destinationSequenceId>133</destinationSequenceId>
      <conditionType>0</conditionType>
    </ConditionProcessState>
    <ConditionProcessState>
      <conditionProcessStatePK>
        <companyId>1</companyId>
        <processId>tigmud</processId>
        <expressionOrder>2</expressionOrder>
        <version>15</version>
        <sequence>94</sequence>
      </conditionProcessStatePK>
      <condition>hAPI.getCardValue(&apos;aprovDeploy&apos;)==&apos;nao&apos;</condition>
      <destinationSequenceId>100</destinationSequenceId>
      <conditionType>0</conditionType>
    </ConditionProcessState>
  </list>
  <list>
    <ProcessLink>
      <processLinkPK>
        <companyId>1</companyId>
        <processId>tigmud</processId>
        <version>1</version>
        <linkSequence>58</linkSequence>
      </processLinkPK>
      <actionLabel></actionLabel>
      <returnPermited>false</returnPermited>
      <initialStateSequence>55</initialStateSequence>
      <finalStateSequence>57</finalStateSequence>
      <returnLabel></returnLabel>
      <name></name>
      <automaticLink>false</automaticLink>
      <defaultLink>false</defaultLink>
      <type>0</type>
    </ProcessLink>
    <ProcessLink>
      <processLinkPK>
        <companyId>1</companyId>
        <processId>tigmud</processId>
        <version>1</version>
        <linkSequence>70</linkSequence>
      </processLinkPK>
      <actionLabel></actionLabel>
      <returnPermited>false</returnPermited>
      <initialStateSequence>67</initialStateSequence>
      <finalStateSequence>69</finalStateSequence>
      <returnLabel></returnLabel>
      <name></name>
      <automaticLink>false</automaticLink>
      <defaultLink>false</defaultLink>
      <type>0</type>
    </ProcessLink>
    <ProcessLink>
      <processLinkPK>
        <companyId>1</companyId>
        <processId>tigmud</processId>
        <version>1</version>
        <linkSequence>76</linkSequence>
      </processLinkPK>
      <actionLabel></actionLabel>
      <returnPermited>false</returnPermited>
      <initialStateSequence>69</initialStateSequence>
      <finalStateSequence>75</finalStateSequence>
      <returnLabel></returnLabel>
      <name>Sim</name>
      <automaticLink>false</automaticLink>
      <defaultLink>false</defaultLink>
      <type>0</type>
    </ProcessLink>
    <ProcessLink>
      <processLinkPK>
        <companyId>1</companyId>
        <processId>tigmud</processId>
        <version>1</version>
        <linkSequence>77</linkSequence>
      </processLinkPK>
      <actionLabel></actionLabel>
      <returnPermited>false</returnPermited>
      <initialStateSequence>75</initialStateSequence>
      <finalStateSequence>33</finalStateSequence>
      <returnLabel></returnLabel>
      <name></name>
      <automaticLink>false</automaticLink>
      <defaultLink>false</defaultLink>
      <type>0</type>
    </ProcessLink>
    <ProcessLink>
      <processLinkPK>
        <companyId>1</companyId>
        <processId>tigmud</processId>
        <version>1</version>
        <linkSequence>79</linkSequence>
      </processLinkPK>
      <actionLabel></actionLabel>
      <returnPermited>false</returnPermited>
      <initialStateSequence>33</initialStateSequence>
      <finalStateSequence>78</finalStateSequence>
      <returnLabel></returnLabel>
      <name>Formulário aprovado</name>
      <automaticLink>false</automaticLink>
      <defaultLink>false</defaultLink>
      <type>0</type>
    </ProcessLink>
    <ProcessLink>
      <processLinkPK>
        <companyId>1</companyId>
        <processId>tigmud</processId>
        <version>1</version>
        <linkSequence>83</linkSequence>
      </processLinkPK>
      <actionLabel></actionLabel>
      <returnPermited>true</returnPermited>
      <initialStateSequence>31</initialStateSequence>
      <finalStateSequence>44</finalStateSequence>
      <returnLabel></returnLabel>
      <name></name>
      <automaticLink>false</automaticLink>
      <defaultLink>false</defaultLink>
      <type>0</type>
    </ProcessLink>
    <ProcessLink>
      <processLinkPK>
        <companyId>1</companyId>
        <processId>tigmud</processId>
        <version>1</version>
        <linkSequence>90</linkSequence>
      </processLinkPK>
      <actionLabel></actionLabel>
      <returnPermited>false</returnPermited>
      <initialStateSequence>25</initialStateSequence>
      <finalStateSequence>89</finalStateSequence>
      <returnLabel></returnLabel>
      <name></name>
      <automaticLink>false</automaticLink>
      <defaultLink>false</defaultLink>
      <type>0</type>
    </ProcessLink>
    <ProcessLink>
      <processLinkPK>
        <companyId>1</companyId>
        <processId>tigmud</processId>
        <version>1</version>
        <linkSequence>92</linkSequence>
      </processLinkPK>
      <actionLabel></actionLabel>
      <returnPermited>false</returnPermited>
      <initialStateSequence>89</initialStateSequence>
      <finalStateSequence>91</finalStateSequence>
      <returnLabel></returnLabel>
      <name>Sim</name>
      <automaticLink>false</automaticLink>
      <defaultLink>false</defaultLink>
      <type>0</type>
    </ProcessLink>
    <ProcessLink>
      <processLinkPK>
        <companyId>1</companyId>
        <processId>tigmud</processId>
        <version>1</version>
        <linkSequence>93</linkSequence>
      </processLinkPK>
      <actionLabel></actionLabel>
      <returnPermited>false</returnPermited>
      <initialStateSequence>89</initialStateSequence>
      <finalStateSequence>31</finalStateSequence>
      <returnLabel></returnLabel>
      <name>Não</name>
      <automaticLink>false</automaticLink>
      <defaultLink>false</defaultLink>
      <type>0</type>
    </ProcessLink>
    <ProcessLink>
      <processLinkPK>
        <companyId>1</companyId>
        <processId>tigmud</processId>
        <version>1</version>
        <linkSequence>95</linkSequence>
      </processLinkPK>
      <actionLabel></actionLabel>
      <returnPermited>false</returnPermited>
      <initialStateSequence>91</initialStateSequence>
      <finalStateSequence>94</finalStateSequence>
      <returnLabel></returnLabel>
      <name>Aprov</name>
      <automaticLink>false</automaticLink>
      <defaultLink>false</defaultLink>
      <type>0</type>
    </ProcessLink>
    <ProcessLink>
      <processLinkPK>
        <companyId>1</companyId>
        <processId>tigmud</processId>
        <version>1</version>
        <linkSequence>99</linkSequence>
      </processLinkPK>
      <actionLabel></actionLabel>
      <returnPermited>false</returnPermited>
      <initialStateSequence>96</initialStateSequence>
      <finalStateSequence>98</finalStateSequence>
      <returnLabel></returnLabel>
      <name></name>
      <automaticLink>false</automaticLink>
      <defaultLink>false</defaultLink>
      <type>0</type>
    </ProcessLink>
    <ProcessLink>
      <processLinkPK>
        <companyId>1</companyId>
        <processId>tigmud</processId>
        <version>1</version>
        <linkSequence>102</linkSequence>
      </processLinkPK>
      <actionLabel></actionLabel>
      <returnPermited>false</returnPermited>
      <initialStateSequence>100</initialStateSequence>
      <finalStateSequence>31</finalStateSequence>
      <returnLabel></returnLabel>
      <name></name>
      <automaticLink>false</automaticLink>
      <defaultLink>false</defaultLink>
      <type>0</type>
    </ProcessLink>
    <ProcessLink>
      <processLinkPK>
        <companyId>1</companyId>
        <processId>tigmud</processId>
        <version>1</version>
        <linkSequence>105</linkSequence>
      </processLinkPK>
      <actionLabel></actionLabel>
      <returnPermited>false</returnPermited>
      <initialStateSequence>57</initialStateSequence>
      <finalStateSequence>65</finalStateSequence>
      <returnLabel></returnLabel>
      <name>Sim</name>
      <automaticLink>false</automaticLink>
      <defaultLink>false</defaultLink>
      <type>0</type>
    </ProcessLink>
    <ProcessLink>
      <processLinkPK>
        <companyId>1</companyId>
        <processId>tigmud</processId>
        <version>1</version>
        <linkSequence>106</linkSequence>
      </processLinkPK>
      <actionLabel></actionLabel>
      <returnPermited>false</returnPermited>
      <initialStateSequence>78</initialStateSequence>
      <finalStateSequence>65</finalStateSequence>
      <returnLabel></returnLabel>
      <name>Não</name>
      <automaticLink>false</automaticLink>
      <defaultLink>false</defaultLink>
      <type>0</type>
    </ProcessLink>
    <ProcessLink>
      <processLinkPK>
        <companyId>1</companyId>
        <processId>tigmud</processId>
        <version>1</version>
        <linkSequence>116</linkSequence>
      </processLinkPK>
      <actionLabel></actionLabel>
      <returnPermited>false</returnPermited>
      <initialStateSequence>4</initialStateSequence>
      <finalStateSequence>55</finalStateSequence>
      <returnLabel></returnLabel>
      <name></name>
      <automaticLink>false</automaticLink>
      <defaultLink>false</defaultLink>
      <type>0</type>
    </ProcessLink>
    <ProcessLink>
      <processLinkPK>
        <companyId>1</companyId>
        <processId>tigmud</processId>
        <version>1</version>
        <linkSequence>117</linkSequence>
      </processLinkPK>
      <actionLabel></actionLabel>
      <returnPermited>false</returnPermited>
      <initialStateSequence>78</initialStateSequence>
      <finalStateSequence>31</finalStateSequence>
      <returnLabel></returnLabel>
      <name></name>
      <automaticLink>false</automaticLink>
      <defaultLink>false</defaultLink>
      <type>0</type>
    </ProcessLink>
    <ProcessLink>
      <processLinkPK>
        <companyId>1</companyId>
        <processId>tigmud</processId>
        <version>1</version>
        <linkSequence>121</linkSequence>
      </processLinkPK>
      <actionLabel></actionLabel>
      <returnPermited>false</returnPermited>
      <initialStateSequence>94</initialStateSequence>
      <finalStateSequence>100</finalStateSequence>
      <returnLabel></returnLabel>
      <name></name>
      <automaticLink>false</automaticLink>
      <defaultLink>false</defaultLink>
      <type>0</type>
    </ProcessLink>
    <ProcessLink>
      <processLinkPK>
        <companyId>1</companyId>
        <processId>tigmud</processId>
        <version>1</version>
        <linkSequence>127</linkSequence>
      </processLinkPK>
      <actionLabel></actionLabel>
      <returnPermited>false</returnPermited>
      <initialStateSequence>65</initialStateSequence>
      <finalStateSequence>126</finalStateSequence>
      <returnLabel></returnLabel>
      <name></name>
      <automaticLink>false</automaticLink>
      <defaultLink>false</defaultLink>
      <type>0</type>
    </ProcessLink>
    <ProcessLink>
      <processLinkPK>
        <companyId>1</companyId>
        <processId>tigmud</processId>
        <version>1</version>
        <linkSequence>128</linkSequence>
      </processLinkPK>
      <actionLabel></actionLabel>
      <returnPermited>false</returnPermited>
      <initialStateSequence>126</initialStateSequence>
      <finalStateSequence>109</finalStateSequence>
      <returnLabel></returnLabel>
      <name></name>
      <automaticLink>false</automaticLink>
      <defaultLink>false</defaultLink>
      <type>0</type>
    </ProcessLink>
    <ProcessLink>
      <processLinkPK>
        <companyId>1</companyId>
        <processId>tigmud</processId>
        <version>1</version>
        <linkSequence>129</linkSequence>
      </processLinkPK>
      <actionLabel></actionLabel>
      <returnPermited>false</returnPermited>
      <initialStateSequence>126</initialStateSequence>
      <finalStateSequence>67</finalStateSequence>
      <returnLabel></returnLabel>
      <name></name>
      <automaticLink>false</automaticLink>
      <defaultLink>false</defaultLink>
      <type>0</type>
    </ProcessLink>
    <ProcessLink>
      <processLinkPK>
        <companyId>1</companyId>
        <processId>tigmud</processId>
        <version>1</version>
        <linkSequence>135</linkSequence>
      </processLinkPK>
      <actionLabel></actionLabel>
      <returnPermited>false</returnPermited>
      <initialStateSequence>136</initialStateSequence>
      <finalStateSequence>133</finalStateSequence>
      <returnLabel></returnLabel>
      <name></name>
      <automaticLink>false</automaticLink>
      <defaultLink>false</defaultLink>
      <type>0</type>
    </ProcessLink>
    <ProcessLink>
      <processLinkPK>
        <companyId>1</companyId>
        <processId>tigmud</processId>
        <version>1</version>
        <linkSequence>137</linkSequence>
      </processLinkPK>
      <actionLabel></actionLabel>
      <returnPermited>false</returnPermited>
      <initialStateSequence>133</initialStateSequence>
      <finalStateSequence>96</finalStateSequence>
      <returnLabel></returnLabel>
      <name></name>
      <automaticLink>false</automaticLink>
      <defaultLink>false</defaultLink>
      <type>0</type>
    </ProcessLink>
    <ProcessLink>
      <processLinkPK>
        <companyId>1</companyId>
        <processId>tigmud</processId>
        <version>1</version>
        <linkSequence>138</linkSequence>
      </processLinkPK>
      <actionLabel></actionLabel>
      <returnPermited>false</returnPermited>
      <initialStateSequence>94</initialStateSequence>
      <finalStateSequence>133</finalStateSequence>
      <returnLabel></returnLabel>
      <name></name>
      <automaticLink>false</automaticLink>
      <defaultLink>false</defaultLink>
      <type>0</type>
    </ProcessLink>
    <ProcessLink>
      <processLinkPK>
        <companyId>1</companyId>
        <processId>tigmud</processId>
        <version>1</version>
        <linkSequence>144</linkSequence>
      </processLinkPK>
      <actionLabel></actionLabel>
      <returnPermited>false</returnPermited>
      <initialStateSequence>57</initialStateSequence>
      <finalStateSequence>143</finalStateSequence>
      <returnLabel></returnLabel>
      <name>Não</name>
      <automaticLink>false</automaticLink>
      <defaultLink>false</defaultLink>
      <type>0</type>
    </ProcessLink>
    <ProcessLink>
      <processLinkPK>
        <companyId>1</companyId>
        <processId>tigmud</processId>
        <version>1</version>
        <linkSequence>145</linkSequence>
      </processLinkPK>
      <actionLabel></actionLabel>
      <returnPermited>false</returnPermited>
      <initialStateSequence>69</initialStateSequence>
      <finalStateSequence>143</finalStateSequence>
      <returnLabel></returnLabel>
      <name>Não</name>
      <automaticLink>false</automaticLink>
      <defaultLink>false</defaultLink>
      <type>0</type>
    </ProcessLink>
    <ProcessLink>
      <processLinkPK>
        <companyId>1</companyId>
        <processId>tigmud</processId>
        <version>1</version>
        <linkSequence>146</linkSequence>
      </processLinkPK>
      <actionLabel></actionLabel>
      <returnPermited>false</returnPermited>
      <initialStateSequence>109</initialStateSequence>
      <finalStateSequence>132</finalStateSequence>
      <returnLabel></returnLabel>
      <name></name>
      <automaticLink>false</automaticLink>
      <defaultLink>false</defaultLink>
      <type>0</type>
    </ProcessLink>
    <ProcessLink>
      <processLinkPK>
        <companyId>1</companyId>
        <processId>tigmud</processId>
        <version>1</version>
        <linkSequence>148</linkSequence>
      </processLinkPK>
      <actionLabel></actionLabel>
      <returnPermited>false</returnPermited>
      <initialStateSequence>44</initialStateSequence>
      <finalStateSequence>25</finalStateSequence>
      <returnLabel></returnLabel>
      <name></name>
      <automaticLink>false</automaticLink>
      <defaultLink>false</defaultLink>
      <type>0</type>
    </ProcessLink>
    <ProcessLink>
      <processLinkPK>
        <companyId>1</companyId>
        <processId>tigmud</processId>
        <version>1</version>
        <linkSequence>149</linkSequence>
      </processLinkPK>
      <actionLabel></actionLabel>
      <returnPermited>false</returnPermited>
      <initialStateSequence>143</initialStateSequence>
      <finalStateSequence>136</finalStateSequence>
      <returnLabel></returnLabel>
      <automaticLink>false</automaticLink>
      <defaultLink>false</defaultLink>
      <type>0</type>
    </ProcessLink>
    <ProcessLink>
      <processLinkPK>
        <companyId>1</companyId>
        <processId>tigmud</processId>
        <version>1</version>
        <linkSequence>150</linkSequence>
      </processLinkPK>
      <actionLabel></actionLabel>
      <returnPermited>false</returnPermited>
      <initialStateSequence>143</initialStateSequence>
      <finalStateSequence>136</finalStateSequence>
      <returnLabel></returnLabel>
      <automaticLink>false</automaticLink>
      <defaultLink>false</defaultLink>
      <type>0</type>
    </ProcessLink>
    <ProcessLink>
      <processLinkPK>
        <companyId>1</companyId>
        <processId>tigmud</processId>
        <version>1</version>
        <linkSequence>151</linkSequence>
      </processLinkPK>
      <actionLabel></actionLabel>
      <returnPermited>false</returnPermited>
      <initialStateSequence>132</initialStateSequence>
      <finalStateSequence>136</finalStateSequence>
      <returnLabel></returnLabel>
      <automaticLink>false</automaticLink>
      <defaultLink>false</defaultLink>
      <type>0</type>
    </ProcessLink>
  </list>
  <list/>
  <list/>
  <list/>
  <list>
    <SwimLane>
      <color>FFFFFF</color>
      <height>1221</height>
      <width>1681</width>
      <positionX>0</positionX>
      <positionY>0</positionY>
      <stateName>Fluxo Macro Change Request</stateName>
      <type>1</type>
      <parentSequence>0</parentSequence>
      <swimLanePK>
        <companyId>1</companyId>
        <processId>tigmud</processId>
        <version>1</version>
        <sequence>1</sequence>
      </swimLanePK>
    </SwimLane>
    <SwimLane>
      <color>9F9F9F</color>
      <height>244</height>
      <width>1651</width>
      <positionX>30</positionX>
      <positionY>0</positionY>
      <stateName>Solicitante</stateName>
      <type>2</type>
      <parentSequence>1</parentSequence>
      <swimLanePK>
        <companyId>1</companyId>
        <processId>tigmud</processId>
        <version>1</version>
        <sequence>2</sequence>
      </swimLanePK>
    </SwimLane>
    <SwimLane>
      <color>adc9ac</color>
      <height>244</height>
      <width>1651</width>
      <positionX>30</positionX>
      <positionY>244</positionY>
      <stateName>Lider da Sustentação</stateName>
      <type>2</type>
      <parentSequence>1</parentSequence>
      <swimLanePK>
        <companyId>1</companyId>
        <processId>tigmud</processId>
        <version>1</version>
        <sequence>3</sequence>
      </swimLanePK>
    </SwimLane>
    <SwimLane>
      <color>82b0b7</color>
      <height>244</height>
      <width>1651</width>
      <positionX>30</positionX>
      <positionY>732</positionY>
      <stateName>Consultores (N2)</stateName>
      <type>2</type>
      <parentSequence>1</parentSequence>
      <swimLanePK>
        <companyId>1</companyId>
        <processId>tigmud</processId>
        <version>1</version>
        <sequence>4</sequence>
      </swimLanePK>
    </SwimLane>
    <SwimLane>
      <color>C0C0C0</color>
      <height>245</height>
      <width>1651</width>
      <positionX>30</positionX>
      <positionY>976</positionY>
      <stateName>Comitê Aprovação Mudança</stateName>
      <type>2</type>
      <parentSequence>1</parentSequence>
      <swimLanePK>
        <companyId>1</companyId>
        <processId>tigmud</processId>
        <version>1</version>
        <sequence>5</sequence>
      </swimLanePK>
    </SwimLane>
    <SwimLane>
      <color>d0daae</color>
      <height>244</height>
      <width>1651</width>
      <positionX>30</positionX>
      <positionY>488</positionY>
      <stateName>Analista</stateName>
      <type>2</type>
      <parentSequence>1</parentSequence>
      <swimLanePK>
        <companyId>1</companyId>
        <processId>tigmud</processId>
        <version>1</version>
        <sequence>6</sequence>
      </swimLanePK>
    </SwimLane>
  </list>
  <list>
    <ProcessComponGraf>
      <componType>1</componType>
      <positionX>80</positionX>
      <positionY>620</positionY>
      <processComponGrafPK>
        <companyId>1</companyId>
        <processId>tigmud</processId>
        <version>1</version>
        <componGrafSequence>7</componGrafSequence>
      </processComponGrafPK>
      <stateName>Avalia o impacto da mudança</stateName>
    </ProcessComponGraf>
  </list>
  <list>
    <ProcessLinkAssoc>
      <processLinkAssocPK>
        <companyId>1</companyId>
        <processId>tigmud</processId>
        <version>1</version>
        <linkSequence>8</linkSequence>
      </processLinkAssocPK>
      <initialStateSequence>7</initialStateSequence>
      <finalStateSequence>4</finalStateSequence>
    </ProcessLinkAssoc>
  </list>
  <list/>
  <list/>
  <list/>
  <list>
    <ProcessFormField>
      <processFormFieldPK>
        <companyId>1</companyId>
        <processId>tigmud</processId>
        <fieldId>numSolicitacao</fieldId>
      </processFormFieldPK>
      <fieldDescription>numSolicitacao</fieldDescription>
      <slotId>1</slotId>
    </ProcessFormField>
    <ProcessFormField>
      <processFormFieldPK>
        <companyId>1</companyId>
        <processId>tigmud</processId>
        <fieldId>dataAtual</fieldId>
      </processFormFieldPK>
      <fieldDescription>dataAtual</fieldDescription>
      <slotId>2</slotId>
    </ProcessFormField>
    <ProcessFormField>
      <processFormFieldPK>
        <companyId>1</companyId>
        <processId>tigmud</processId>
        <fieldId>numFormulario</fieldId>
      </processFormFieldPK>
      <fieldDescription>numFormulario</fieldDescription>
      <slotId>3</slotId>
    </ProcessFormField>
    <ProcessFormField>
      <processFormFieldPK>
        <companyId>1</companyId>
        <processId>tigmud</processId>
        <fieldId>usuarioLogado</fieldId>
      </processFormFieldPK>
      <fieldDescription>usuarioLogado</fieldDescription>
      <slotId>4</slotId>
    </ProcessFormField>
    <ProcessFormField>
      <processFormFieldPK>
        <companyId>1</companyId>
        <processId>tigmud</processId>
        <fieldId>autor</fieldId>
      </processFormFieldPK>
      <fieldDescription>autor</fieldDescription>
      <slotId>5</slotId>
    </ProcessFormField>
    <ProcessFormField>
      <processFormFieldPK>
        <companyId>1</companyId>
        <processId>tigmud</processId>
        <fieldId>responsavel</fieldId>
      </processFormFieldPK>
      <fieldDescription>responsavel</fieldDescription>
      <slotId>6</slotId>
    </ProcessFormField>
    <ProcessFormField>
      <processFormFieldPK>
        <companyId>1</companyId>
        <processId>tigmud</processId>
        <fieldId>gerente</fieldId>
      </processFormFieldPK>
      <fieldDescription>gerente</fieldDescription>
      <slotId>7</slotId>
    </ProcessFormField>
    <ProcessFormField>
      <processFormFieldPK>
        <companyId>1</companyId>
        <processId>tigmud</processId>
        <fieldId>gergmud</fieldId>
      </processFormFieldPK>
      <fieldDescription>gergmud</fieldDescription>
      <slotId>8</slotId>
    </ProcessFormField>
    <ProcessFormField>
      <processFormFieldPK>
        <companyId>1</companyId>
        <processId>tigmud</processId>
        <fieldId>sistema</fieldId>
      </processFormFieldPK>
      <fieldDescription>sistema</fieldDescription>
      <slotId>9</slotId>
    </ProcessFormField>
    <ProcessFormField>
      <processFormFieldPK>
        <companyId>1</companyId>
        <processId>tigmud</processId>
        <fieldId>solicitanteId</fieldId>
      </processFormFieldPK>
      <fieldDescription>solicitanteId</fieldDescription>
      <slotId>10</slotId>
    </ProcessFormField>
    <ProcessFormField>
      <processFormFieldPK>
        <companyId>1</companyId>
        <processId>tigmud</processId>
        <fieldId>solicitante</fieldId>
      </processFormFieldPK>
      <fieldDescription>solicitante</fieldDescription>
      <slotId>11</slotId>
    </ProcessFormField>
    <ProcessFormField>
      <processFormFieldPK>
        <companyId>1</companyId>
        <processId>tigmud</processId>
        <fieldId>dataSol</fieldId>
      </processFormFieldPK>
      <fieldDescription>dataSol</fieldDescription>
      <slotId>12</slotId>
    </ProcessFormField>
    <ProcessFormField>
      <processFormFieldPK>
        <companyId>1</companyId>
        <processId>tigmud</processId>
        <fieldId>departamento</fieldId>
      </processFormFieldPK>
      <fieldDescription>departamento</fieldDescription>
      <slotId>13</slotId>
    </ProcessFormField>
    <ProcessFormField>
      <processFormFieldPK>
        <companyId>1</companyId>
        <processId>tigmud</processId>
        <fieldId>cargo</fieldId>
      </processFormFieldPK>
      <fieldDescription>cargo</fieldDescription>
      <slotId>14</slotId>
    </ProcessFormField>
    <ProcessFormField>
      <processFormFieldPK>
        <companyId>1</companyId>
        <processId>tigmud</processId>
        <fieldId>tipoProposta</fieldId>
      </processFormFieldPK>
      <fieldDescription>tipoProposta</fieldDescription>
      <slotId>15</slotId>
    </ProcessFormField>
  </list>
  <list/>
  <list/>
  <list/>
  <list/>
  <list/>
</list>